date,symbol,open,high,low,close
2023-01-02,ETF_A,2.4992991554359296,2.5295745698022225,2.4693075655706984,2.4995796144290736
2023-01-02,ETF_B,3.4011474077422443,3.444631097996619,3.3603336388493372,3.4037856699571334
2023-01-02,ETF_C,4.292848928511436,4.347007298807916,4.2413347413692986,4.295461757715332
2023-01-02,ETF_D,5.047641427440418,5.108213124569703,4.985292105854518,5.045842212403358
2023-01-03,ETF_A,2.5028712816711964,2.5443564004187254,2.472836826291142,2.5141861664216654
2023-01-03,ETF_B,3.405217910783548,3.452582825016426,3.3643552958541454,3.411643107723741
2023-01-03,ETF_C,4.290733859250162,4.353953149210558,4.23924505293916,4.302325246255492
2023-01-03,ETF_D,5.051106585360713,5.1245391398010085,4.990493306336384,5.063773853558309
2023-01-04,ETF_A,2.507505159514903,2.5702244278842903,2.477415097600724,2.539747458383686
2023-01-04,ETF_B,3.406112319606555,3.474530372137688,3.365238971771276,3.4333304072506796
2023-01-04,ETF_C,4.308861213340039,4.36056754790012,4.254650865205355,4.306326786645096
2023-01-04,ETF_D,5.068220689532709,5.129039337807102,4.995765524444562,5.056442838506642
2023-01-05,ETF_A,2.535316729349405,2.5782177687157146,2.5048929285972124,2.5476460165175046
2023-01-05,ETF_B,3.4390980561925946,3.49228567697315,3.3978288795182836,3.450875174874654
2023-01-05,ETF_C,4.309510302970702,4.361224426606351,4.257145977330083,4.308852203775388
2023-01-05,ETF_D,5.063177182813077,5.123935309006834,4.9612676155436715,5.021525926663635
2023-01-06,ETF_A,2.544904440082573,2.585579756924722,2.514365586801582,2.5549207084236385
2023-01-06,ETF_B,3.450295365200045,3.4979392796419058,3.408891820817644,3.4564617387765866
2023-01-06,ETF_C,4.311894575554439,4.363637310461093,4.251481996738676,4.303119429897445
2023-01-06,ETF_D,5.021514687831599,5.093873213344877,4.961256511577619,5.033471554688614
2023-01-09,ETF_A,2.5592798183771226,2.6094367507583063,2.5285684605565972,2.578494813002279
2023-01-09,ETF_B,3.457631535805657,3.4993137814277593,3.416139957375989,3.457819942122292
2023-01-09,ETF_C,4.30938537049705,4.361097994943014,4.218428647519508,4.269664622995453
2023-01-09,ETF_D,5.0352539442080175,5.095676991538514,4.966951956306448,5.027279308002478
2023-01-10,ETF_A,2.57934504372995,2.6173511219263426,2.5483929032051904,2.58631533787188
2023-01-10,ETF_B,3.467215165272522,3.508821747255792,3.4110310930373213,3.452460620483119
2023-01-10,ETF_C,4.283698215979,4.335102594570748,4.227286278828839,4.2786298368712945
2023-01-10,ETF_D,5.030280312653153,5.090643676404991,4.955576560125474,5.015765749114852
2023-01-11,ETF_A,2.588631652909816,2.6229037319901587,2.557568073074898,2.591802106709643
2023-01-11,ETF_B,3.458574051454502,3.5000769400719562,3.4015050233177755,3.4428188495119185
2023-01-11,ETF_C,4.270106334600878,4.3286160581763555,4.218865058585667,4.277288595035924
2023-01-11,ETF_D,5.0165947538955695,5.076793890942317,4.935690177599034,4.99563783157797
2023-01-12,ETF_A,2.5883568152756533,2.6385499237961048,2.5572965334923454,2.6072627705495104
2023-01-12,ETF_B,3.441587711473215,3.501742001803362,3.4002886589355366,3.460219369370911
2023-01-12,ETF_C,4.273605556937713,4.328531045106516,4.22232229025446,4.2772045900262015
2023-01-12,ETF_D,4.993323422452337,5.062114200567789,4.933403541382909,5.002089130995839
2023-01-13,ETF_A,2.603859581952624,2.657240312996243,2.572613266969192,2.6257315345812677
2023-01-13,ETF_B,3.457825413913387,3.5037256364048255,3.4163315089464263,3.4621794826134638
2023-01-13,ETF_C,4.274130936890508,4.337174325379628,4.222841365647822,4.285745380809909
2023-01-13,ETF_D,5.000149448787009,5.060151242172453,4.914812503446225,4.97450658243545
2023-01-16,ETF_A,2.6271037046919576,2.673430185131894,2.595578460235654,2.641729431948512
2023-01-16,ETF_B,3.4608647878219854,3.508299665550795,3.4193344103681214,3.4666992742596787
2023-01-16,ETF_C,4.281493362506772,4.332871282856853,4.2076051340311444,4.258709649829093
2023-01-16,ETF_D,4.969764069969168,5.045988389585814,4.910126901129538,4.986154535163847
2023-01-17,ETF_A,2.6419090405716292,2.701381524391212,2.6102061320847696,2.6693493324023834
2023-01-17,ETF_B,3.4687621623215286,3.5190889283086166,3.42713701637367,3.4773606010954707
2023-01-17,ETF_C,4.2533590473326806,4.304399355900673,4.1793961375895465,4.230158033997517
2023-01-17,ETF_D,4.988607759581442,5.04847105269642,4.926193579313132,4.986025889993049
2023-01-18,ETF_A,2.6710587844019877,2.722309310462692,2.639006078989164,2.6900289629077987
2023-01-18,ETF_B,3.4769337413284607,3.535795049511306,3.435210536432519,3.493868625999314
2023-01-18,ETF_C,4.228679449346608,4.28128203584521,4.177935295954449,4.230515845696848
2023-01-18,ETF_D,4.985479030877165,5.045304779247691,4.9161672128047345,4.97587774575378
2023-01-19,ETF_A,2.689440046913635,2.7462270363615766,2.6571667663506715,2.7136630794086725
2023-01-19,ETF_B,3.4922579110886662,3.548622506471784,3.450350816155602,3.506543978727059
2023-01-19,ETF_C,4.224515433598312,4.282035519454105,4.173821248395132,4.231260394717495
2023-01-19,ETF_D,4.972029384597558,5.031693737212729,4.910164648392542,4.969802275700954
2023-01-20,ETF_A,2.714543808721179,2.7648124903694136,2.6819692830165245,2.732028152538946
2023-01-20,ETF_B,3.512551310179772,3.554701925901929,3.4632923605084676,3.5053566401907568
2023-01-20,ETF_C,4.23291464475571,4.283709620492779,4.179685818171496,4.230451232967101
2023-01-20,ETF_D,4.965963995210846,5.025555563153376,4.894280772234557,4.9537254779702
2023-01-23,ETF_A,2.7325321824506035,2.7957945728055367,2.699741796261196,2.7626428585034946
2023-01-23,ETF_B,3.504889600503831,3.5631121044141896,3.462830925297785,3.520861763255128
2023-01-23,ETF_C,4.230706399094394,4.281474875883527,4.162212051836544,4.212765234652372
2023-01-23,ETF_D,4.946735101279576,5.00986574918353,4.887374280064221,4.950460226465939
2023-01-24,ETF_A,2.765150805291167,2.8056641700073546,2.731968995627673,2.7723954249084533
2023-01-24,ETF_B,3.530320403517262,3.587696402486057,3.4879565586750547,3.5451545479111237
2023-01-24,ETF_C,4.2151301024807655,4.267744158274263,4.164548541250996,4.217138496318441
2023-01-24,ETF_D,4.956116790012631,5.015590191492783,4.861955073666914,4.921007159581897
2023-01-25,ETF_A,2.7750068911560772,2.80830697384995,2.7265473448367876,2.759663304490676
2023-01-25,ETF_B,3.5455298802596387,3.59214247668271,3.502983521696523,3.5495479018603855
2023-01-25,ETF_C,4.219637257714785,4.270272904807363,4.167357774048562,4.2179734555147395
2023-01-25,ETF_D,4.921458538082346,4.980516040539334,4.812155508982383,4.870602741885003
2023-01-26,ETF_A,2.7544528779877164,2.820787895608477,2.721399443451864,2.787339817794938
2023-01-26,ETF_B,3.556948858826177,3.609681910630691,3.514265472520263,3.566879358330722
2023-01-26,ETF_C,4.220941877598101,4.271593180129278,4.17007318320012,4.220721845344252
2023-01-26,ETF_D,4.8657024597796035,4.927354165680239,4.807314030262249,4.868927041186007
2023-01-27,ETF_A,2.7800415047362623,2.8247071480974615,2.746681006679427,2.7912125969342503
2023-01-27,ETF_B,3.5683666027903578,3.625766041754958,3.5255462035568734,3.582772768532567
2023-01-27,ETF_C,4.21888351466892,4.2695101168449465,4.156559470096741,4.207043998073624
2023-01-27,ETF_D,4.873522094784566,4.932004359921981,4.803416634701229,4.861757727430394
2023-01-30,ETF_A,2.7944766023241074,2.8330170828245587,2.760942883096218,2.7994239948859274
2023-01-30,ETF_B,3.5868001107813687,3.6389975419550753,3.543758509451992,3.5958473734733944
2023-01-30,ETF_C,4.217467924853973,4.268077539952221,4.115023378331989,4.1650034193643615
2023-01-30,ETF_D,4.858579872421075,4.916882830890128,4.792709533491614,4.850920580457099
2023-01-31,ETF_A,2.8033057875375937,2.8508404357270214,2.7696661180871427,2.8170360036828272
2023-01-31,ETF_B,3.5928088021566116,3.6426099830737373,3.549695096530732,3.599416979321875
2023-01-31,ETF_C,4.166142715959806,4.216136428551324,4.111999490242613,4.161942803889284
2023-01-31,ETF_D,4.842967147727128,4.901082753499853,4.777676909947092,4.835705374440377
2023-02-01,ETF_A,2.813683679505944,2.8474478836600157,2.777894873600988,2.8116344874503927
2023-02-01,ETF_B,3.5958335562410615,3.6534569572294453,3.5526835535661685,3.610135333230677
2023-02-01,ETF_C,4.152909141212263,4.224425156951025,4.103074231517716,4.174333159042514
2023-02-01,ETF_D,4.841470193067081,4.899567835383886,4.761173246690665,4.819001261832657
2023-02-02,ETF_A,2.8055403944154778,2.8392068791484637,2.7705857671859158,2.8042366064634776
2023-02-02,ETF_B,3.6120720533682373,3.6563792286651284,3.5687271887278182,3.6130229532264115
2023-02-02,ETF_C,4.169454386944571,4.220819088835794,4.119420934301235,4.170769850628255
2023-02-02,ETF_D,4.815982558128969,4.873774348826516,4.755074110592943,4.81282804715885
2023-02-03,ETF_A,2.804560628430748,2.8382153559719168,2.758194930459421,2.7916952737443532
2023-02-03,ETF_B,3.617192300191549,3.660598607793848,3.550329108564629,3.5934505147415274
2023-02-03,ETF_C,4.162309333152828,4.212257045150661,4.093347821437696,4.143064596596859
2023-02-03,ETF_D,4.810532640201657,4.868259031884077,4.733411168464642,4.7909019923731195
2023-02-06,ETF_A,2.794728639987279,2.828265383667126,2.753053527205113,2.786491424296673
2023-02-06,ETF_B,3.593619288410609,3.6391637534347128,3.5504958569496816,3.5960116140659215
2023-02-06,ETF_C,4.143148385680507,4.192866166308673,4.088122595138029,4.137775906010151
2023-02-06,ETF_D,4.791132168917429,4.848625754944438,4.704845299114739,4.7619891691444725
2023-02-07,ETF_A,2.7923413683932288,2.828996628071886,2.75883327197251,2.795451213509769
2023-02-07,ETF_B,3.5906187955594295,3.633706221106143,3.532804918659639,3.575713480424736
2023-02-07,ETF_C,4.137187944612723,4.188701000797181,4.08754168927737,4.1390326094833805
2023-02-07,ETF_D,4.768341232340915,4.825561327129006,4.6841681618776105,4.741060892588675
2023-02-08,ETF_A,2.7971355528575677,2.837495985164175,2.7635699262232767,2.803849787711635
2023-02-08,ETF_B,3.570043437496595,3.612883958746554,3.518248765147924,3.560980531526239
2023-02-08,ETF_C,4.136771260004435,4.198853354282063,4.087130004884382,4.149064579330101
2023-02-08,ETF_D,4.74117172490293,4.814970012735795,4.684277664204095,4.757875506655924
2023-02-09,ETF_A,2.8026341072548306,2.842838696986794,2.7690024979677728,2.809129147220152
2023-02-09,ETF_B,3.5550564588949367,3.61469961845429,3.5123957813881974,3.571837567642579
2023-02-09,ETF_C,4.158810046040017,4.208715766592498,4.074086597089409,4.123569430252439
2023-02-09,ETF_D,4.7512240353403,4.808238723764384,4.656059660719229,4.712610992630799
2023-02-10,ETF_A,2.8062035992028886,2.839878042393323,2.7634630111342346,2.797027339204691
2023-02-10,ETF_B,3.564479221955725,3.6191211301535224,3.521705471292256,3.5762066503493304
2023-02-10,ETF_C,4.1262113400374965,4.175725876117946,4.05790586735984,4.107192173441134
2023-02-10,ETF_D,4.715602202399315,4.772189428828106,4.648057717931501,4.704511860254556
2023-02-13,ETF_A,2.7970647072928236,2.8306294837803376,2.7477194352957377,2.7810925458458886
2023-02-13,ETF_B,3.576663478840393,3.638443674202958,3.533743517094308,3.595300073323081
2023-02-13,ETF_C,4.110672910616723,4.16221110173248,4.061344835689322,4.112856819893755
2023-02-13,ETF_D,4.701850699967994,4.75827290836761,4.614295045131224,4.670339114505288
2023-02-14,ETF_A,2.780121718690681,2.8134831793149693,2.7455151177303514,2.7788614551926636
2023-02-14,ETF_B,3.6000221872299596,3.643222453476719,3.5376267015685814,3.5805938274985643
2023-02-14,ETF_C,4.108391644884196,4.157692344622807,4.046516297085232,4.095664268304891
2023-02-14,ETF_D,4.680637237582488,4.736804884433478,4.5920167056726875,4.647790187927821
2023-02-15,ETF_A,2.775572547757356,2.808879418330444,2.737082790344147,2.7703267108746426
2023-02-15,ETF_B,3.580537785372648,3.62350423879712,3.511159048134916,3.553804704589996
2023-02-15,ETF_C,4.090892860750867,4.139983575079878,4.012210028833582,4.060941324730346
2023-02-15,ETF_D,4.6477841163267195,4.7035575257226405,4.564143897761197,4.619578843887852
2023-02-16,ETF_A,2.77695630705245,2.810279782737079,2.735767166102322,2.768995107391014
2023-02-16,ETF_B,3.5444451332815086,3.586978474880887,3.494084305879507,3.5365225768011204
2023-02-16,ETF_C,4.061115704275196,4.109849092726499,3.9978235266517603,4.046380087704211
2023-02-16,ETF_D,4.6075487919817615,4.662839377485542,4.5087745888026465,4.563537033201059
2023-02-17,ETF_A,2.7747680933260463,2.8080653104459588,2.740657388305622,2.7739447250056903
2023-02-17,ETF_B,3.535735597589814,3.578164424760892,3.4865908991503756,3.5289381570347933
2023-02-17,ETF_C,4.047196898220374,4.095763260999019,3.9923444160610826,4.040834429211622
2023-02-17,ETF_D,4.565440086221713,4.620225367256373,4.5006707677144355,4.555334785136068
2023-02-20,ETF_A,2.777623721481887,2.8109552061396696,2.741028591465313,2.7743204367057825
2023-02-20,ETF_B,3.528267961826286,3.5706071773682018,3.480356214797292,3.5226277477705383
2023-02-20,ETF_C,4.032092676314599,4.080477788430374,3.982242205867688,4.030609520108996
2023-02-20,ETF_D,4.565681193427131,4.620469367748257,4.483437497929976,4.537892204382566
2023-02-21,ETF_A,2.771341514067766,2.8091099209231887,2.738085415898953,2.7758003171177754
2023-02-21,ETF_B,3.5312522823138224,3.5736273097015885,3.4811961152385145,3.523477849431695
2023-02-21,ETF_C,4.029761737544479,4.0781188783950135,3.967869717254813,4.016062466857099
2023-02-21,ETF_D,4.546243128048468,4.60079804558505,4.433063230169497,4.486906103410423
2023-02-22,ETF_A,2.778570622005631,2.811913469469699,2.7357060431156763,2.7689332420199153
2023-02-22,ETF_B,3.5174930459190543,3.559702962470083,3.4602957280215927,3.5023236113578875
2023-02-22,ETF_C,4.016128400822832,4.064321941632706,3.9433322514205473,3.9912269751220113
2023-02-22,ETF_D,4.496500887503991,4.550458898154039,4.424948047690177,4.4786923559617176
2023-02-23,ETF_A,2.771000276465411,2.804252279782996,2.7311188625757685,2.764290346736608
2023-02-23,ETF_B,3.500727649140407,3.542736380930092,3.447667641451036,3.4895421472176475
2023-02-23,ETF_C,3.99022527349806,4.038564949715881,3.9423425702160833,3.9906768277824916
2023-02-23,ETF_D,4.473367133513865,4.533933052777728,4.419686727911699,4.4801710007685065
2023-02-24,ETF_A,2.765717927266921,2.798906542394124,2.7188719647660737,2.7518947011802366
2023-02-24,ETF_B,3.496493814690168,3.5384517404664497,3.424584800486258,3.466178947860585
2023-02-24,ETF_C,3.9868916494005213,4.034734349193328,3.91639090884731,3.963958409764484
2023-02-24,ETF_D,4.484941237006259,4.5446429242999,4.431121942162184,4.4907538777667
2023-02-27,ETF_A,2.755909732409733,2.7889806491986495,2.7112676986641278,2.7441980755709796
2023-02-27,ETF_B,3.4679990819437134,3.509615070927038,3.418771139795191,3.4602946759060638
2023-02-27,ETF_C,3.9614640507015872,4.009001619310006,3.894816626531789,3.9421220916313655
2023-02-27,ETF_D,4.486972787371899,4.540816460820362,4.430588359328212,4.484401173409121
2023-02-28,ETF_A,2.74623301133792,2.779187807473975,2.705934726741362,2.7388003307098803
2023-02-28,ETF_B,3.4625695241050463,3.504120358394307,3.4064093827396533,3.447782776052281
2023-02-28,ETF_C,3.941308774919291,3.988604480218323,3.8805301125711886,3.927662057258288
2023-02-28,ETF_D,4.485574764536703,4.5394016617111435,4.4187679043402595,4.472437150141963
2023-03-01,ETF_A,2.7411658948254067,2.774059885563312,2.7019578313174906,2.7347751329124397
2023-03-01,ETF_B,3.4482437128174697,3.4896226373712795,3.3798925614851365,3.4209438881428507
2023-03-01,ETF_C,3.9280781497390564,3.975215087535925,3.87245622760613,3.919490108913087
2023-03-01,ETF_D,4.465800013449983,4.528149138876216,4.412210413288583,4.474455670826301
2023-03-02,ETF_A,2.7368079827909635,2.769649678584455,2.6888403454580754,2.7214983253624245
2023-03-02,ETF_B,3.4222609796773305,3.4633281114334586,3.362920621758143,3.4037658114960965
2023-03-02,ETF_C,3.9222566385464344,3.9693237182089915,3.836575613519915,3.883173697894651
2023-03-02,ETF_D,4.471092748339608,4.541119065460054,4.417439635359532,4.487271803814283
2023-03-03,ETF_A,2.722580580949026,2.7552515479204143,2.6834305788888653,2.7160228531263817
2023-03-03,ETF_B,3.406855146813384,3.4477374085751444,3.345895006139759,3.3865334070240474
2023-03-03,ETF_C,3.8880734643294232,3.9347303459013765,3.8030785885263296,3.8492698264436536
2023-03-03,ETF_D,4.483732946802641,4.545202441729809,4.4299281514410085,4.491306760602578
2023-03-06,ETF_A,2.710377012633289,2.7429015367848883,2.6704629785281044,2.7028977515466646
2023-03-06,ETF_B,3.3833366722225744,3.4239367122892452,3.328122190580795,3.368544727308497
2023-03-06,ETF_C,3.8479481922725487,3.8941235705798194,3.760870943390346,3.8065495378444796
2023-03-06,ETF_D,4.496017531327671,4.549969741703603,4.410258704192519,4.463824599385141
2023-03-07,ETF_A,2.7031614535020303,2.7355993909440546,2.660529951275787,2.692844080238651
2023-03-07,ETF_B,3.3719972382478614,3.4176464135674927,3.3315332713888868,3.377120962023214
2023-03-07,ETF_C,3.8045242987733072,3.850178590358587,3.749272527405064,3.794810250409984
2023-03-07,ETF_D,4.467996529063593,4.521612487412356,4.404772319490282,4.458271578431459
2023-03-08,ETF_A,2.691097285778038,2.7233904532073745,2.6569144479076394,2.689184663874129
2023-03-08,ETF_B,3.3717156955423917,3.4121762838889005,3.3205301988314773,3.360860525133074
2023-03-08,ETF_C,3.796748368776592,3.842309349201911,3.7199795086783447,3.7651614460307132
2023-03-08,ETF_D,4.459711638077375,4.5132281777343035,4.400046512536147,4.453488373012295
2023-03-09,ETF_A,2.685172310016825,2.717394377737027,2.6282463561645453,2.6601683766847626
2023-03-09,ETF_B,3.362148303905961,3.4024940835528326,3.3045489598351114,3.3446851820193437
2023-03-09,ETF_C,3.767845653720876,3.8130598015655264,3.702650936484898,3.747622405349087
2023-03-09,ETF_D,4.446477463512551,4.499835193074701,4.363770602963947,4.4167718653481245
2023-03-10,ETF_A,2.66539306869368,2.6973777855180043,2.603955330846495,2.635582318670542
2023-03-10,ETF_B,3.3453827257064783,3.385527318414956,3.264908084203906,3.304562838263063
2023-03-10,ETF_C,3.7457244636230507,3.7906731571865273,3.6964614124346373,3.7413577048933577
2023-03-10,ETF_D,4.415166310241141,4.468148305964035,4.359800264293402,4.412753303940691
2023-03-13,ETF_A,2.640904078764539,2.672594927709713,2.578573945095949,2.6098926569797056
2023-03-13,ETF_B,3.3021876831343686,3.341813935331981,3.240183736675417,3.2795381950156046
2023-03-13,ETF_C,3.7448092982293817,3.7897470098081345,3.6747543191425693,3.7193869626949083
2023-03-13,ETF_D,4.408913809293002,4.491676959824028,4.356006843581485,4.438415968205561
2023-03-14,ETF_A,2.6140345966753613,2.645403011835466,2.5466079264362547,2.5775383870812294
2023-03-14,ETF_B,3.279451399399472,3.318804816192266,3.224088054064484,3.2632470182838906
2023-03-14,ETF_C,3.723640092346874,3.7683237734550366,3.666173179516791,3.7107015987012053
2023-03-14,ETF_D,4.442921566784736,4.496236625586152,4.387912828957584,4.441207316758689
2023-03-15,ETF_A,2.5783059607896903,2.609245632319167,2.5230840074211676,2.5537287524505743
2023-03-15,ETF_B,3.260877792755446,3.3000083262685114,3.195357470321056,3.2341674800820406
2023-03-15,ETF_C,3.716297721101572,3.760893293754791,3.6420327049067636,3.686267919946117
2023-03-15,ETF_D,4.4473161713104306,4.5006839653661554,4.393090318271987,4.446447690558692
2023-03-16,ETF_A,2.557755909711528,2.5884489806280664,2.515537405435728,2.546090491331708
2023-03-16,ETF_B,3.2301262684990872,3.271921519993801,3.191364753277098,3.233124031614428
2023-03-16,ETF_C,3.6939237875719124,3.7382508730227753,3.6357070679540793,3.679865453394817
2023-03-16,ETF_D,4.451931092664572,4.505354265776547,4.385063444574936,4.438323324468558
2023-03-17,ETF_A,2.5461262948200503,2.576679810357891,2.498347621690072,2.5286919247875224
2023-03-17,ETF_B,3.231790479673238,3.2705719654293173,3.1756074086849106,3.214177539154768
2023-03-17,ETF_C,3.67614765543506,3.7202614273002808,3.6266378327501783,3.670686065536618
2023-03-17,ETF_D,4.434414487447044,4.487627461296409,4.372983826239102,4.4260969901205485
2023-03-20,ETF_A,2.529290276044605,2.5596417593571403,2.4848598812943097,2.5150403656825
2023-03-20,ETF_B,3.210040385971412,3.2496882361056167,3.171519901339755,3.211154383503574
2023-03-20,ETF_C,3.670745584643043,3.7147945316587596,3.602544183205535,3.646299780572404
2023-03-20,ETF_D,4.411973226920552,4.473754579320484,4.359029548197506,4.420706106047908
2023-03-21,ETF_A,2.511833932625961,2.5419759398174726,2.480184483395653,2.510308181574547
2023-03-21,ETF_B,3.212363922484121,3.2509122895539306,3.1576360643292523,3.1959879193615914
2023-03-21,ETF_C,3.64634775639451,3.690103929471244,3.587189365401578,3.6307584670056454
2023-03-21,ETF_D,4.41160240358322,4.4645416324262195,4.346667596916842,4.399461130482634
2023-03-22,ETF_A,2.5114711164705126,2.543141450023612,2.4813334630728665,2.5129856225529763
2023-03-22,ETF_B,3.191702525766642,3.230002956075842,3.149374060819728,3.1876255676313034
2023-03-22,ETF_C,3.6303430624253257,3.682529903190557,3.5867789456762216,3.6388635407021317
2023-03-22,ETF_D,4.406763976334257,4.459645144050268,4.3334164157361315,4.386049003781509
2023-03-23,ETF_A,2.5131626692543194,2.543320621285371,2.466378526737034,2.496334541231816
2023-03-23,ETF_B,3.1902744364627478,3.228557729700301,3.131140901399382,3.1691709528333827
2023-03-23,ETF_C,3.636108242005702,3.6797415409097702,3.5853646449308645,3.628911583938122
2023-03-23,ETF_D,4.383996239835296,4.447922923368242,4.3313882849572725,4.395180754316444
2023-03-24,ETF_A,2.4925435912431966,2.5276987290688053,2.462633068148278,2.4977260168664084
2023-03-24,ETF_B,3.164805601440435,3.2027832686577202,3.121193424950714,3.1591026568327067
2023-03-24,ETF_C,3.6226275624156856,3.6660990931646738,3.561578008222782,3.6048360407113176
2023-03-24,ETF_D,4.391332940814283,4.469392270287914,4.338636945524511,4.416395523999915
2023-03-27,ETF_A,2.497576832237314,2.527547754224162,2.4505458667173734,2.4803095816977465
2023-03-27,ETF_B,3.1570161984121414,3.1962118351036923,3.119132004031196,3.1583120900234114
2023-03-27,ETF_C,3.60522583835973,3.6484885484200467,3.552685303223856,3.595835327149652
2023-03-27,ETF_D,4.424867383127809,4.477965791725343,4.335247399972574,4.387902226692889
2023-03-28,ETF_A,2.4800788794262494,2.5098398259793644,2.429623988789719,2.459133591892428
2023-03-28,ETF_B,3.1560114537883606,3.193883591233821,3.0812017705441983,3.11862527383016
2023-03-28,ETF_C,3.592613410957147,3.6357247718886327,3.52856233367584,3.571419366068664
2023-03-28,ETF_D,4.394383640029406,4.450201225839451,4.341651036349053,4.397432041343331
2023-03-29,ETF_A,2.4642961869369686,2.493867741180212,2.4125527114089236,2.4418549710616637
2023-03-29,ETF_B,3.123450411471632,3.1609318164092914,3.0480958430914713,3.0851172500925825
2023-03-29,ETF_C,3.57177768928913,3.624010477635639,3.5289163570176605,3.58103802137909
2023-03-29,ETF_D,4.397557473324199,4.45032816300409,4.3413780920664164,4.394107380634025
2023-03-30,ETF_A,2.4444037628142268,2.4737366079679974,2.389616783916608,2.4186404695512227
2023-03-30,ETF_B,3.0863062929132674,3.123341968428227,3.032749984574981,3.0695850046305475
2023-03-30,ETF_C,3.577722140706817,3.631300215397403,3.5347894750183353,3.588241319562651
2023-03-30,ETF_D,4.392603519234696,4.453139328107695,4.33989227700388,4.400335304454244
2023-03-31,ETF_A,2.418672765902724,2.4476968390935565,2.372424132140438,2.4012390001421435
2023-03-31,ETF_B,3.0688268408867825,3.105652762977424,3.024293130936871,3.061025436170922
2023-03-31,ETF_C,3.5836407918491116,3.6304505717692384,3.5406371023469223,3.587401750760117
2023-03-31,ETF_D,4.399657185475198,4.46276726647326,4.346861299249496,4.409849077542747
2023-04-03,ETF_A,2.401936065389033,2.4307592981737014,2.3602548620294064,2.3889219251309783
2023-04-03,ETF_B,3.062806979450384,3.0995606632037886,3.023788962684782,3.0605151444177956
2023-04-03,ETF_C,3.588382494202435,3.631443084132864,3.5428689196394636,3.585899716234275
2023-04-03,ETF_D,4.411017945024185,4.482000814025924,4.358085729683895,4.428854559314154
2023-04-04,ETF_A,2.389045151548346,2.4177136933669265,2.3548138239665417,2.3834148015855687
2023-04-04,ETF_B,3.0530004421346,3.09066710478851,3.016364436828985,3.054018878249516
2023-04-04,ETF_C,3.586531159526876,3.629569533441199,3.5326592965884167,3.5755660896643895
2023-04-04,ETF_D,4.437129720102612,4.490375276743843,4.375326115367619,4.428467728104877
2023-04-05,ETF_A,2.3828506354726215,2.4142371421598696,2.35425642784695,2.385609824268646
2023-04-05,ETF_B,3.053865196186491,3.090511578540729,3.0020779144583294,3.0385403992493214
2023-04-05,ETF_C,3.577983377544145,3.620919178074675,3.533625446690238,3.576543974382832
2023-04-05,ETF_D,4.430650963342523,4.502253892834697,4.377483151782413,4.448867483038239
2023-04-06,ETF_A,2.3825991019044537,2.411190291127307,2.3377666740354606,2.366160601250466
2023-04-06,ETF_B,3.0456297721444003,3.082177329410133,3.0068969552537577,3.043417970904613
2023-04-06,ETF_C,3.5856764249673634,3.6287045420669717,3.527898953538882,3.570747928683079
2023-04-06,ETF_D,4.452637420895002,4.513529067683308,4.399205771844262,4.460008960161371
2023-04-07,ETF_A,2.3657436561549483,2.3941325800288076,2.3306487016902224,2.35895617579982
2023-04-07,ETF_B,3.0438879238770165,3.081728744741908,3.007361268790492,3.0451865066619646
2023-04-07,ETF_C,3.5719032684075285,3.614766107628419,3.5259139703928923,3.568738836430053
2023-04-07,ETF_D,4.466097226223806,4.524903579142271,4.4125040595091205,4.471248595990386
2023-04-10,ETF_A,2.356903720601807,2.385186565249029,2.3093728392423345,2.33742190206714
2023-04-10,ETF_B,3.0454277925313984,3.081972926041775,2.998200537911411,3.034615929060133
2023-04-10,ETF_C,3.570759059858499,3.6136081685768007,3.52789595780059,3.570744896559302
2023-04-10,ETF_D,4.465151193054794,4.518733007371452,4.401221882713154,4.454678018940439
2023-04-11,ETF_A,2.3340147869071775,2.3620229643500634,2.301334741488398,2.3292861755955445
2023-04-11,ETF_B,3.036557135308988,3.072995820932696,2.997091857617738,3.033493783013905
2023-04-11,ETF_C,3.566258737663346,3.6090538425153063,3.5135169099304844,3.5561912043830812
2023-04-11,ETF_D,4.458602858061499,4.540261323074401,4.4050996237647615,4.486424232286957
2023-04-12,ETF_A,2.330675835524794,2.3586439455510915,2.289562805586528,2.317371260715109
2023-04-12,ETF_B,3.036665054606972,3.0731050352622558,2.9901752413069564,3.0264931592175675
2023-04-12,ETF_C,3.550855973447482,3.5934662451288517,3.50013891784855,3.5426507265673584
2023-04-12,ETF_D,4.484882676724869,4.54760960287273,4.43106408460417,4.493685378332737
2023-04-13,ETF_A,2.318429325244944,2.3462504771478834,2.26872178358554,2.296277108892247
2023-04-13,ETF_B,3.0194484982710037,3.0556818802502557,2.9803052831040873,3.0165033229798452
2023-04-13,ETF_C,3.549198751148087,3.591789136161864,3.4863965937670627,3.5287414916670676
2023-04-13,ETF_D,4.480513756515567,4.567375008197666,4.42674759143738,4.5132164112625155
2023-04-14,ETF_A,2.2914955227278266,2.324603109875999,2.263997576455093,2.297038646122529
2023-04-14,ETF_B,3.0105885953455354,3.0554641034346384,2.974461532201389,3.0192333037891683
2023-04-14,ETF_C,3.5249416973184946,3.5672409976863166,3.4735230269151556,3.5157115657035987
2023-04-14,ETF_D,4.50202460622615,4.556048901500864,4.441052681950104,4.4949925930669075
2023-04-17,ETF_A,2.296709889738335,2.324270408415195,2.2601367636479908,2.2875878174574806
2023-04-17,ETF_B,3.0199741328773655,3.0562138224718938,2.9822293466324865,3.0184507557008975
2023-04-17,ETF_C,3.5114322649001446,3.5535694520789463,3.454439743153093,3.4963965011670983
2023-04-17,ETF_D,4.489656593111914,4.5467747054328385,4.435780713994571,4.4928603808624885
2023-04-18,ETF_A,2.2902467416171635,2.3177297025165693,2.2489732899441157,2.276288755004166
2023-04-18,ETF_B,3.0159343489019963,3.0521255610888205,2.977029559690465,3.013187813451888
2023-04-18,ETF_C,3.496237015251402,3.5465362993673604,3.4542821710683853,3.504482509256285
2023-04-18,ETF_D,4.495645740997996,4.5721187691280045,4.44169799210602,4.517903922063246
2023-04-19,ETF_A,2.279103442720196,2.3064526840328385,2.2358511102782037,2.263007196637858
2023-04-19,ETF_B,3.0178036202023315,3.062639245840045,2.9815899767599037,3.02632336545459
2023-04-19,ETF_C,3.504113771299082,3.571435369456396,3.4620644060434933,3.5290863334549365
2023-04-19,ETF_D,4.5185037866362325,4.586280697353446,4.464281741196598,4.531897922286014
2023-04-20,ETF_A,2.2657172068485996,2.292905813330783,2.227911532461056,2.2549711867014737
2023-04-20,ETF_B,3.025210780460779,3.0615133098263083,2.964466763815623,3.000472433011764
2023-04-20,ETF_C,3.525372428421038,3.5944371584484265,3.483067959279986,3.5518153739608955
2023-04-20,ETF_D,4.5328728134091625,4.587267287170072,4.460119804294006,4.514291299892719
2023-04-21,ETF_A,2.2550735618790436,2.282134444621592,2.226564034488164,2.2536073223564412
2023-04-21,ETF_B,2.9937081453872527,3.0296326431318996,2.9472111424147087,2.983007229164685
2023-04-21,ETF_C,3.550551855427475,3.593158477692605,3.4910724466966174,3.5334741363326088
2023-04-21,ETF_D,4.524577983938509,4.593525648151586,4.470283048131247,4.539056964576666
2023-04-24,ETF_A,2.251386616822494,2.278403256224364,2.22310869259968,2.2501100127527125
2023-04-24,ETF_B,2.9785975812135534,3.014340752188116,2.935848146014876,2.97150622066283
2023-04-24,ETF_C,3.5385457343403792,3.5908314395874537,3.4960831855282946,3.548252410659539
2023-04-24,ETF_D,4.53234138896189,4.59813522297491,4.477953292294347,4.54361188040999
2023-04-25,ETF_A,2.2472669618751673,2.2753238325435103,2.2202997583326654,2.248343708046947
2023-04-25,ETF_B,2.9619890348814795,3.000938085192438,2.926445166462902,2.9653538391229626
2023-04-25,ETF_C,3.54491746531321,3.6105379294180526,3.5023784557294513,3.5677252266976804
2023-04-25,ETF_D,4.543466461804118,4.628812183038465,4.488944864262469,4.57392508205382
2023-04-26,ETF_A,2.2492478117581873,2.276238785499286,2.221344459989517,2.2483243522161103
2023-04-26,ETF_B,2.9645439738296284,3.000118501515584,2.9265961858420395,2.9621418885040884
2023-04-26,ETF_C,3.5619289929444204,3.608569136094271,3.5191858450290874,3.5657797787492798
2023-04-26,ETF_D,4.575549913405573,4.637629587641999,4.5206433144447065,4.582637932452568
2023-04-27,ETF_A,2.249319440987135,2.283577089247055,2.2223276076952896,2.2564991000464967
2023-04-27,ETF_B,2.9614909361067676,2.9970288273400487,2.9112982891882195,2.9466581874374693
2023-04-27,ETF_C,3.569703197116025,3.6142840717853026,3.5268667587506326,3.5714269484044494
2023-04-27,ETF_D,4.5787032040002185,4.651760129596129,4.523758765552216,4.59660091857325
2023-04-28,ETF_A,2.2598906513484582,2.2870093391646398,2.223048133617226,2.2500487182360587
2023-04-28,ETF_B,2.945199344409339,2.980541736542251,2.899266795174873,2.9344805619178875
2023-04-28,ETF_C,3.573478773778198,3.6163605190635364,3.505414577345705,3.5479904629005112
2023-04-28,ETF_D,4.596752828949607,4.677922653014494,4.541591795002212,4.622453214441199
2023-05-01,ETF_A,2.25293808091567,2.2799733378866582,2.2130573553943416,2.239936594528686
2023-05-01,ETF_B,2.938176495281343,2.973434613224719,2.8950972104836383,2.9302603344976097
2023-05-01,ETF_C,3.545422865897537,3.6034671494998167,3.5028777915067666,3.560738290019582
2023-05-01,ETF_D,4.613832956164399,4.680209492886844,4.558466960690426,4.624712937635221
2023-05-02,ETF_A,2.2395910734062063,2.274902057784723,2.212715980525332,2.2479269345698847
2023-05-02,ETF_B,2.9343605047350905,2.993048691349974,2.8991481786782693,2.9575579954051125
2023-05-02,ETF_C,3.554171722583005,3.5968217832540015,3.5108707086244033,3.5535128629801656
2023-05-02,ETF_D,4.632326344306959,4.687914260438642,4.565246741835623,4.620695082829578
2023-05-03,ETF_A,2.244666270464151,2.2738821328249794,2.2177302752185812,2.2469191035819955
2023-05-03,ETF_B,2.956970131252317,3.0164826475812445,2.921486489677289,2.980714078637593
2023-05-03,ETF_C,3.550427170032623,3.6075000998417086,3.5078220439922316,3.5647234188159174
2023-05-03,ETF_D,4.617022088257151,4.6883858642964205,4.561617823198065,4.63279235602413
2023-05-04,ETF_A,2.246082751447801,2.2863796249812194,2.219129758430427,2.2592684041316398
2023-05-04,ETF_B,2.973299918151011,3.019057812254349,2.937620319133199,2.9832587077612147
2023-05-04,ETF_C,3.5644959188573866,3.6072698698836754,3.513946010295854,3.5566255164937797
2023-05-04,ETF_D,4.64378494125825,4.720716847970332,4.588059521963151,4.66473996835013
2023-05-05,ETF_A,2.2598410575314793,2.29367223369327,2.2327229648411016,2.2664745392225987
2023-05-05,ETF_B,2.9854079106471185,3.0227333188991237,2.949583015719353,2.9868906313232446
2023-05-05,ETF_C,3.5614656425295808,3.6181454853961936,3.518728054819226,3.5752425745021674
2023-05-05,ETF_D,4.664563240041802,4.720537998922303,4.605931372628902,4.6618738589361355
2023-05-08,ETF_A,2.265940249589255,2.2981415070399,2.238748966594184,2.2708908172331026
2023-05-08,ETF_B,2.98882652538215,3.024692443686736,2.947983551204301,2.983789019437552
2023-05-08,ETF_C,3.570921483864927,3.644784998415803,3.528070426058548,3.6015662039681846
2023-05-08,ETF_D,4.6674686454964025,4.723478269242359,4.599347339803315,4.6552098581005215
2023-05-09,ETF_A,2.2693602764166214,2.3050591172469703,2.242127953099622,2.2777264004416704
2023-05-09,ETF_B,2.9848662328709947,3.020684627665447,2.9350836514300114,2.970732440718635
2023-05-09,ETF_C,3.6012110835367848,3.6457073622684395,3.557996550534343,3.602477630700039
2023-05-09,ETF_D,4.6549203750535515,4.741649935781891,4.5990613305529084,4.685424837729141
2023-05-10,ETF_A,2.278398502405233,2.324768619562392,2.2510577203763704,2.29720219324347
2023-05-10,ETF_B,2.97413605503726,3.011541530116003,2.938446422376813,2.9758315514980267
2023-05-10,ETF_C,3.6053163076457473,3.6485801033374963,3.5549079781050477,3.598084998082032
2023-05-10,ETF_D,4.685256784841843,4.747228684372828,4.629033703423741,4.6909374351510165
2023-05-11,ETF_A,2.295851948587329,2.347315301100773,2.268301725204281,2.3194815228268504
2023-05-11,ETF_B,2.9717902438849215,3.009309484321487,2.936128760958302,2.9736259726496908
2023-05-11,ETF_C,3.588102867731123,3.6311601021438964,3.5399157479924224,3.5829106761056906
2023-05-11,ETF_D,4.6877422712423,4.7586784405237434,4.631489363987392,4.702251423442434
2023-05-12,ETF_A,2.3177825597328052,2.349600972312872,2.2899691690160116,2.321740091218253
2023-05-12,ETF_B,2.980602979985947,3.0163702157457783,2.9400966165914504,2.9758062920966095
2023-05-12,ETF_C,3.587234573820749,3.630281388706598,3.5420401377407065,3.58506086815861
2023-05-12,ETF_D,4.70290497796704,4.759339837702645,4.6246440842305425,4.680813850435772
2023-05-15,ETF_A,2.32258387579569,2.3539486632744264,2.294712869286142,2.326036228532042
2023-05-15,ETF_B,2.9724772392671226,3.008146966138328,2.928120515706594,2.963684732496553
2023-05-15,ETF_C,3.5801185944516867,3.6277906536471765,3.5371571713182663,3.5847733731691465
2023-05-15,ETF_D,4.68255074741769,4.7387413563867025,4.624234722545625,4.680399516746584
2023-05-16,ETF_A,2.324945593445428,2.3668474954705,2.297046246324083,2.3387821101487156
2023-05-16,ETF_B,2.9662764023213173,3.001871719149173,2.925763061990133,2.961298645739001
2023-05-16,ETF_C,3.586162125475613,3.6291960709813202,3.5304532291947712,3.5733332279299304
2023-05-16,ETF_D,4.676119058283203,4.74829837004333,4.620005629583805,4.69199443680171
2023-05-17,ETF_A,2.3394482631414966,2.3675216422991947,2.3092834873845143,2.3373314649640835
2023-05-17,ETF_B,2.9554748493857734,3.0057095756834946,2.920009151193144,2.97006875067539
2023-05-17,ETF_C,3.5743617705397273,3.6318988768138842,3.5314694292932507,3.5888328822271585
2023-05-17,ETF_D,4.691309994407086,4.7778502722147005,4.635014274474201,4.7211959211607715
2023-05-18,ETF_A,2.338076580124838,2.3782397030539575,2.31001966116334,2.3500392322667563
2023-05-18,ETF_B,2.9668470575005004,3.022502653074377,2.9312448928104944,2.9866627006663804
2023-05-18,ETF_C,3.593376889025017,3.642651961558588,3.5502563663567166,3.5994584600381305
2023-05-18,ETF_D,4.717836654511127,4.787296246137962,4.661222614656993,4.730529887488105
2023-05-19,ETF_A,2.346917321093461,2.3849774666043357,2.3187543132403396,2.3566971013876836
2023-05-19,ETF_B,2.9919510723983347,3.035684942325151,2.956047659529555,2.9996886781869083
2023-05-19,ETF_C,3.60177273803148,3.644994010887858,3.5537908876125766,3.5969543396888426
2023-05-19,ETF_D,4.743238662862576,4.830343656891423,4.686319798908225,4.773066854635793
2023-05-22,ETF_A,2.355374309939761,2.3966176745088523,2.3271098182204835,2.368199283111514
2023-05-22,ETF_B,2.9987757625126243,3.0347610716627758,2.960906665440597,2.9968690945755028
2023-05-22,ETF_C,3.5869919884838652,3.646883377461831,3.543948084622059,3.6036397010492403
2023-05-22,ETF_D,4.772567207998238,4.837225594425439,4.7152964015022585,4.7798671881674295
2023-05-23,ETF_A,2.3721750493720255,2.4039899369757536,2.343708948779561,2.3754841274463967
2023-05-23,ETF_B,2.9998071949903076,3.059740649300112,2.963809508650424,3.0234591396246167
2023-05-23,ETF_C,3.600341805755949,3.682238401918285,3.5571377040868772,3.638575495966685
2023-05-23,ETF_D,4.788491965283252,4.854042263646214,4.731030061699853,4.796484450243295
2023-05-24,ETF_A,2.3722657246191456,2.4007329133145756,2.3437656696557423,2.372232459165731
2023-05-24,ETF_B,3.0242950842585423,3.063391225821762,2.98800354324744,3.0270664286776303
2023-05-24,ETF_C,3.639162224697212,3.7047723721876618,3.5954922780008456,3.6608422650075707
2023-05-24,ETF_D,4.79538989243887,4.8992831314297165,4.737845213729603,4.841188865049127
2023-05-25,ETF_A,2.366381623800251,2.39693120924883,2.337985044314648,2.368509100048251
2023-05-25,ETF_B,3.0266957835088784,3.086908971021667,2.9903754341067716,3.050305307333663
2023-05-25,ETF_C,3.6600096040073247,3.7230387061166668,3.6160894887592367,3.678892002091568
2023-05-25,ETF_D,4.84265355709116,4.928586795365659,4.784541714406066,4.870145054709149
2023-05-26,ETF_A,2.3633699202241303,2.3967696650090557,2.335009481181441,2.368349471352822
2023-05-26,ETF_B,3.055162690608009,3.097751410401965,3.018500738320713,3.061019180239096
2023-05-26,ETF_C,3.680942497995625,3.7439323135204416,3.6367711880196776,3.6995378592099226
2023-05-26,ETF_D,4.86264306488093,4.934963807657092,4.804291348102359,4.876446450254043
2023-05-29,ETF_A,2.368429905666337,2.4045989940713866,2.340008746798341,2.376085962521133
2023-05-29,ETF_B,3.060174143500944,3.0968962332229553,3.0233944755455635,3.060115865936805
2023-05-29,ETF_C,3.7029464351953623,3.747381792417707,3.656212089116989,3.700619523397762
2023-05-29,ETF_D,4.873903633646242,4.952543565732753,4.8154167900424865,4.893817752700349
2023-05-30,ETF_A,2.3761716698622504,2.4120193691378846,2.3476576098239033,2.383418348950479
2023-05-30,ETF_B,3.053764989523489,3.1049475320807245,3.0171198096492073,3.068129972411783
2023-05-30,ETF_C,3.7032473790967324,3.75860279723866,3.6588084105475716,3.714034384623182
2023-05-30,ETF_D,4.895019938364711,4.9919929521539865,4.836279699104335,4.932799359835955
2023-05-31,ETF_A,2.383091336203472,2.4405017916761267,2.3544942401690303,2.4115630352530895
2023-05-31,ETF_B,3.0652561333440174,3.123058101252034,3.028473059743889,3.086025791751022
2023-05-31,ETF_C,3.7131060387436063,3.776641865300605,3.668548766278683,3.7318595506922976
2023-05-31,ETF_D,4.941935154511588,5.037368420652824,4.882631932657449,4.97763677930121
2023-06-01,ETF_A,2.4149815671444217,2.4658866641146253,2.386001788338689,2.436646901299037
2023-06-01,ETF_B,3.088010920497567,3.1486701907068726,3.0509547894515965,3.111334180540388
2023-06-01,ETF_C,3.7238295535342294,3.792035467214645,3.6791435988918186,3.7470706197773174
2023-06-01,ETF_D,4.978926054153766,5.049733405298051,4.919178941503921,4.9898551435751495
2023-06-02,ETF_A,2.429060523078348,2.466169125400965,2.399911796801408,2.43692601324206
2023-06-02,ETF_B,3.112770166317987,3.1565684003605097,3.0754169243221714,3.1191387355341003
2023-06-02,ETF_C,3.7450799749269614,3.8078827480032804,3.7001390152278377,3.762729988145534
2023-06-02,ETF_D,4.997916973948809,5.06010571665432,4.937941970261423,5.000104463097154
2023-06-05,ETF_A,2.438051945086676,2.4843934634782503,2.408795321745636,2.4549342524488638
2023-06-05,ETF_B,3.1134414276914057,3.1914810316730535,3.076080130559109,3.15363738307614
2023-06-05,ETF_C,3.7645582265580213,3.8174707674581847,3.719383527839325,3.772204315670143
2023-06-05,ETF_D,5.0038435249939175,5.085846739745124,4.94379740269399,5.025540256665142
2023-06-06,ETF_A,2.4594104277646447,2.4956923134015963,2.429897502631469,2.4660991239146206
2023-06-06,ETF_B,3.1509734762350017,3.220211057873643,3.1131617945201815,3.1820267370292914
2023-06-06,ETF_C,3.7674084121594342,3.843484074176204,3.722199511213521,3.797909164205735
2023-06-06,ETF_D,5.035090986573404,5.095512078412285,4.970339522190072,5.030708018411004
2023-06-07,ETF_A,2.4628565019306823,2.505706927010887,2.433302223907514,2.475994987164908
2023-06-07,ETF_B,3.1798679079826,3.231694629035612,3.141709493086809,3.193374139363253
2023-06-07,ETF_C,3.800707305906778,3.8663327478986185,3.7550988182358966,3.8204869050381607
2023-06-07,ETF_D,5.030361502163584,5.107580540055424,4.969997164137621,5.047016343928284
2023-06-08,ETF_A,2.4748980980136484,2.5173733945654324,2.4451993208374847,2.487523117159518
2023-06-08,ETF_B,3.1920128349255195,3.251368944098656,3.153708680906413,3.2128151621528223
2023-06-08,ETF_C,3.8245379734506133,3.8704324291320207,3.7473405870318297,3.792854845173917
2023-06-08,ETF_D,5.061110060883966,5.121843381614573,4.998288702492877,5.058996662442183
2023-06-09,ETF_A,2.4853391011009944,2.537560432416207,2.4555150318877823,2.507470783019967
2023-06-09,ETF_B,3.207661983904872,3.290718937482805,3.1691700400980136,3.251698554824906
2023-06-09,ETF_C,3.7934162727517786,3.8727123028522397,3.747895277478757,3.8267908130950983
2023-06-09,ETF_D,5.05613258607668,5.161349109459336,4.9954589950437605,5.10014734136298
2023-06-12,ETF_A,2.5048558431323524,2.5474639830070056,2.474797573014764,2.517256900204551
2023-06-12,ETF_B,3.2493156094049676,3.3283969414570493,3.210323822092108,3.2889297840484675
2023-06-12,ETF_C,3.813136711556724,3.8588943520954047,3.7556674538769803,3.801282848053624
2023-06-12,ETF_D,5.095588800136061,5.200435054014847,5.034441734534428,5.138769816220205
2023-06-13,ETF_A,2.5162989163751353,2.5722640596789104,2.4861033293786337,2.5417629048210575
2023-06-13,ETF_B,3.286135231784858,3.332095185898591,3.2467016090034395,3.2925841757891217
2023-06-13,ETF_C,3.795618967218096,3.857249833274605,3.7500715396114788,3.8115116929590958
2023-06-13,ETF_D,5.131520387632689,5.216079819574126,5.0699421429810965,5.15422907072542
2023-06-14,ETF_A,2.545999482303653,2.576551476091297,2.515447298924041,2.5459992904089486
2023-06-14,ETF_B,3.295549237950521,3.3383358556160747,3.2560026470951144,3.2987508454704297
2023-06-14,ETF_C,3.819908365608399,3.8886989854682623,3.774069465221098,3.842587930304607
2023-06-14,ETF_D,5.168265222248212,5.232123048182207,5.106246039581233,5.1700820634211535
2023-06-15,ETF_A,2.5514627935153915,2.595983962477646,2.5208452399932066,2.565201543950243
2023-06-15,ETF_B,3.3018662535493815,3.379155431223504,3.262243858506789,3.3390863944896285
2023-06-15,ETF_C,3.8401385718285583,3.90916433263509,3.7940569089666156,3.862810605370642
2023-06-15,ETF_D,5.175027139909175,5.273890848131318,5.112926814230264,5.211354593015136
2023-06-16,ETF_A,2.564196363820909,2.633349873087294,2.533426007455058,2.6021243805210412
2023-06-16,ETF_B,3.3385184234641567,3.3824581670982226,3.298456202382587,3.3423499674883623
2023-06-16,ETF_C,3.853879182339618,3.9050296719245803,3.8076326321515426,3.8587249722574906
2023-06-16,ETF_D,5.209323563674501,5.2806092139347705,5.146811680910407,5.217993294401947
2023-06-19,ETF_A,2.607914216530553,2.6463900111274783,2.5766192459321866,2.6150098924184566
2023-06-19,ETF_B,3.3408215938064556,3.380911452932133,3.299050564919212,3.3391200049789598
2023-06-19,ETF_C,3.864289874413929,3.9106613529068963,3.809443977548401,3.855712527882997
2023-06-19,ETF_D,5.22560246113462,5.303571162066193,5.162895231601004,5.240682966468571
2023-06-20,ETF_A,2.6151184329834383,2.674331657050722,2.583737011787637,2.642620214476998
2023-06-20,ETF_B,3.3396651442211502,3.39040685221197,3.2995891624904963,3.3502043994189425
2023-06-20,ETF_C,3.855772606226289,3.9332858704282123,3.8095033349515734,3.886646117023925
2023-06-20,ETF_D,5.244889293134263,5.321138994409589,5.181950621616652,5.258042484594455
2023-06-21,ETF_A,2.6480324785116514,2.689685645349495,2.6162560887695117,2.657792139673414
2023-06-21,ETF_B,3.3470142767917785,3.412291754795173,3.3068501054702772,3.371829797228432
2023-06-21,ETF_C,3.8916596125423704,3.938359527892879,3.830870891179395,3.8773996874285377
2023-06-21,ETF_D,5.270117306743515,5.333358714424437,5.195765142535341,5.258871601756418
2023-06-22,ETF_A,2.6575028589302696,2.7130734679740875,2.6256128246231065,2.6809026363380313
2023-06-22,ETF_B,3.367321404265067,3.4323449921644094,3.3269135474138865,3.3916452491743176
2023-06-22,ETF_C,3.878652749255517,3.9615885468956753,3.832108916264451,3.91461318863209
2023-06-22,ETF_D,5.249383674524701,5.329702269109151,5.186391070430404,5.266504218487303
2023-06-23,ETF_A,2.681312579827496,2.7284078309989668,2.649136828869566,2.696055168971311
2023-06-23,ETF_B,3.3879269093208224,3.4433067862216613,3.3472717864089727,3.402477061483855
2023-06-23,ETF_C,3.9167080108481636,3.980095034970169,3.8697075147179856,3.9329002321839615
2023-06-23,ETF_D,5.264874030691131,5.37848597644489,5.201695542322837,5.314709462890208
2023-06-26,ETF_A,2.6972049766499593,2.740682809381101,2.6648385169301596,2.7081845942500995
2023-06-26,ETF_B,3.3999580676348975,3.4515727701509116,3.3591585708232787,3.410645029793391
2023-06-26,ETF_C,3.9345662106193733,3.981781005146806,3.8856302438252355,3.932824133426352
2023-06-26,ETF_D,5.311842375273186,5.39355049771932,5.248100266769908,5.329595353477589
2023-06-27,ETF_A,2.7182469847113024,2.750865948527838,2.6850551432622183,2.717667149050828
2023-06-27,ETF_B,3.4060186082692234,3.463492325622211,3.3651463849699925,3.4224232466622637
2023-06-27,ETF_C,3.936025717882757,3.9932056666037186,3.888793409268164,3.9458554017823304
2023-06-27,ETF_D,5.317337386648463,5.449282991673259,5.253529338008681,5.384666987819426
2023-06-28,ETF_A,2.72036758580194,2.762253376581251,2.6877231747723167,2.729499383973568
2023-06-28,ETF_B,3.423070383639924,3.464147228243603,3.3797492430015503,3.4207988289489375
2023-06-28,ETF_C,3.9563534887702003,4.0038297306354425,3.8925302328917137,3.9398079280280505
2023-06-28,ETF_D,5.39133220327837,5.456028189717711,5.316971227697085,5.381549825604337
2023-06-29,ETF_A,2.727248088471874,2.763086109299434,2.6945211114102117,2.730322242390745
2023-06-29,ETF_B,3.4237123145584394,3.5004324507976947,3.382627766783738,3.458925346638038
2023-06-29,ETF_C,3.944273631886743,4.0093573469399475,3.8969423483041017,3.9618155602173393
2023-06-29,ETF_D,5.379852415392492,5.461151263808,5.315294186407781,5.396394529454546
2023-06-30,ETF_A,2.7334106102689844,2.7770469291020827,2.7006096829457564,2.744117518875576
2023-06-30,ETF_B,3.452526675439345,3.513133328218469,3.411096355334073,3.471475620769238
2023-06-30,ETF_C,3.954517774804846,4.027862242252048,3.907063561507188,3.9801010298933273
2023-06-30,ETF_D,5.40105310453466,5.513938437425116,5.336240467280244,5.448555768206637
2023-07-03,ETF_A,2.7429593671714425,2.796315270052178,2.7100438547653853,2.763157381474484
2023-07-03,ETF_B,3.4715773949208413,3.534791851804406,3.429918466181791,3.492877323917397
2023-07-03,ETF_C,3.9821756213362773,4.029961728792313,3.9186363095481704,3.966231082538634
2023-07-03,ETF_D,5.463576675985745,5.529139596097575,5.37262469127553,5.437879242181711
2023-07-04,ETF_A,2.761579032793626,2.804620233413717,2.7284400844001024,2.771363867009602
2023-07-04,ETF_B,3.4919811953479134,3.534635909535944,3.4500774210037384,3.4927232307667433
2023-07-04,ETF_C,3.97151654040545,4.019174738890316,3.9177125703969824,3.9652961238835855
2023-07-04,ETF_D,5.4356386579431435,5.500866321838461,5.33920087569538,5.404049469327308
2023-07-05,ETF_A,2.774303167089437,2.8125862637710117,2.7410115290843637,2.7792354385089046
2023-07-05,ETF_B,3.494115102567241,3.546080583008001,3.4521857213364338,3.504032196648222
2023-07-05,ETF_C,3.9708639381994333,4.018514305457827,3.9192772618610108,3.9668798196973794
2023-07-05,ETF_D,5.401394868065598,5.50820923900101,5.336578129648811,5.44289450494171
2023-07-06,ETF_A,2.7793362335316565,2.8242277410512022,2.7459841987292766,2.790738874556524
2023-07-06,ETF_B,3.5039793028774215,3.5466177413877973,3.4619315512428925,3.5045629855610643
2023-07-06,ETF_C,3.9649059717879216,4.041644375400717,3.9173271001264665,3.993719738538258
2023-07-06,ETF_D,5.443648079753743,5.5089718567107875,5.369933264019232,5.435155125525538
2023-07-07,ETF_A,2.79164602670297,2.825145779023406,2.7563876751159575,2.789866067931131
2023-07-07,ETF_B,3.4986247536022317,3.5406082506454584,3.433740909065087,3.475446264235918
2023-07-07,ETF_C,3.9991513006211137,4.047141116228567,3.9293040669237635,3.9770284078175746
2023-07-07,ETF_D,5.441418881690326,5.50671590827061,5.368525491458717,5.433730254512872
2023-07-10,ETF_A,2.7899115880144087,2.8355257179648885,2.756432648958236,2.801902883364514
2023-07-10,ETF_B,3.4703314378185333,3.5119754150723557,3.4215467734053453,3.4631040216653295
2023-07-10,ETF_C,3.9813353390932233,4.051053329081514,3.933559315024105,4.003017123598333
2023-07-10,ETF_D,5.430138848570211,5.495300514753054,5.3585552091027795,5.4236388756101
2023-07-11,ETF_A,2.8030033515215464,2.836639391739805,2.757025957426993,2.7905121026588997
2023-07-11,ETF_B,3.463222903425872,3.5047815782669822,3.4089055305502867,3.4503092414476586
2023-07-11,ETF_C,4.015049307060349,4.063229898745074,3.9636446994019625,4.011786132997938
2023-07-11,ETF_D,5.41964788556274,5.502782980649087,5.354612110935987,5.437532589574197
2023-07-12,ETF_A,2.7918959635785576,2.8282268102760506,2.7583932120156147,2.794690523988192
2023-07-12,ETF_B,3.454452942044237,3.495906377348768,3.3924503240559405,3.4336541741456887
2023-07-12,ETF_C,4.008277347326351,4.056376675494268,3.9583966100083647,4.006474301627899
2023-07-12,ETF_D,5.444243311812544,5.509574231554295,5.365591368045166,5.430760493972841
2023-07-13,ETF_A,2.78838222741302,2.8218428141419762,2.7523157379441403,2.785744674032531
2023-07-13,ETF_B,3.4247957413787953,3.4748842581589674,3.3836981924822496,3.433680096995027
2023-07-13,ETF_C,4.004103301542801,4.060906612215455,3.9560540619242874,4.012753569382861
2023-07-13,ETF_D,5.433160039990193,5.5106284606269496,5.367962119510311,5.445285040145207
2023-07-14,ETF_A,2.787911901420132,2.8213668442371738,2.7504623233548298,2.783868748334848
2023-07-14,ETF_B,3.4350653432329175,3.50872208160394,3.393844559114122,3.4671166814268184
2023-07-14,ETF_C,4.011320714907028,4.069170611911048,3.963184866328144,4.020919576987201
2023-07-14,ETF_D,5.432310705282988,5.542705673372709,5.367122976819592,5.476981890684495
2023-07-17,ETF_A,2.7806811259939854,2.8343072116286727,2.7473129524820576,2.8006988257200325
2023-07-17,ETF_B,3.4719320069128505,3.514539362741004,3.430268822829896,3.472864982945656
2023-07-17,ETF_C,4.01862056666805,4.066844013468066,3.9614704800537437,4.009585506127271
2023-07-17,ETF_D,5.469157461534943,5.534787351073362,5.397902449579874,5.463464017793394
2023-07-18,ETF_A,2.7959901020629174,2.8411023641778717,2.7624382208381624,2.8074134033378177
2023-07-18,ETF_B,3.47224502704627,3.530035897691826,3.430578086721715,3.4881777645176144
2023-07-18,ETF_C,4.005424283571425,4.058036200220586,3.9573591921685676,4.00991719389386
2023-07-18,ETF_D,5.473041341886505,5.538717837989143,5.380386245926519,5.445735066727246
2023-07-19,ETF_A,2.8072220945959976,2.8409087597311498,2.760066412750405,2.793589486589479
2023-07-19,ETF_B,3.490417554769375,3.532302565426608,3.445296357336925,3.4871420620819076
2023-07-19,ETF_C,3.997013550056865,4.0449777126575475,3.937616970843452,3.985442278181632
2023-07-19,ETF_D,5.448289259634877,5.513668730750496,5.361264264361853,5.426380834374345
2023-07-20,ETF_A,2.7938632098545875,2.8273895683728427,2.7460108438127757,2.7793632022396517
2023-07-20,ETF_B,3.4842829161202276,3.541837798275658,3.4424715211267847,3.499839721616263
2023-07-20,ETF_C,3.9834215760195133,4.031222634931748,3.9110034880428315,3.9585055546992223
2023-07-20,ETF_D,5.421557686175199,5.486616378409302,5.336449763712403,5.401264943028748
2023-07-21,ETF_A,2.7771153552847188,2.8104407395481354,2.713725998425818,2.7466862332245126
2023-07-21,ETF_B,3.4993523658918453,3.5413445942825477,3.4447137045550122,3.486552332545559
2023-07-21,ETF_C,3.960211712532484,4.007734253082874,3.903258123250369,3.9506661166501713
2023-07-21,ETF_D,5.40019121744115,5.464993512050444,5.322659836023302,5.387307526339375
2023-07-24,ETF_A,2.7493505389774997,2.78234274544523,2.7051067554712365,2.737962303108539
2023-07-24,ETF_B,3.4799652630233,3.5333706544141994,3.4382056798670204,3.4914729786701573
2023-07-24,ETF_C,3.948393456614263,3.9957741780936344,3.877220987284029,3.9243127401660214
2023-07-24,ETF_D,5.387390722013269,5.452039410677428,5.320593020047343,5.385215607335367
2023-07-25,ETF_A,2.733678362188718,2.7893165277673315,2.7008742218424535,2.7562416282285884
2023-07-25,ETF_B,3.4819366127160447,3.5391744798428917,3.440153373363452,3.497207984034478
2023-07-25,ETF_C,3.9331836325976774,3.9803818361888497,3.863836507342107,3.9107656956903916
2023-07-25,ETF_D,5.389840021651092,5.454518101910905,5.306721086486544,5.371175188751563
2023-07-26,ETF_A,2.754933364296396,2.7892380244511408,2.721874163924839,2.7561640557817597
2023-07-26,ETF_B,3.501056656312804,3.5430693361885575,3.446232420933819,3.4880894948722867
2023-07-26,ETF_C,3.910826724114343,3.957756644803715,3.849768225742756,3.8965265442740447
2023-07-26,ETF_D,5.362670546511397,5.427022593069533,5.297351058673727,5.361691354932923
2023-07-27,ETF_A,2.7542840200330354,2.787335428273432,2.716686879608945,2.749683076527272
2023-07-27,ETF_B,3.4840834215876857,3.539018613868527,3.4422744205286335,3.4970539662732483
2023-07-27,ETF_C,3.9023999168823456,3.9492287158849337,3.841032174511687,3.887684387157578
2023-07-27,ETF_D,5.356433539913892,5.428157294457257,5.292156337434926,5.363791792941954
2023-07-28,ETF_A,2.7495336303216726,2.7825280338855327,2.716288834012649,2.749280196369078
2023-07-28,ETF_B,3.4951959536699544,3.5434597272190724,3.453253602225915,3.5014424182006643
2023-07-28,ETF_C,3.888870274723826,3.9599400475615476,3.84220383142714,3.912984236720897
2023-07-28,ETF_D,5.365500155750937,5.429886157619949,5.283065120992551,5.3472319038386145
2023-07-31,ETF_A,2.7501747972844606,2.783176894851874,2.694920754843869,2.7276525858743614
2023-07-31,ETF_B,3.4957833572432393,3.5377327575301583,3.448123608360389,3.4900036521866284
2023-07-31,ETF_C,3.916758727907166,3.963759832642052,3.8625513527008115,3.9094649318834125
2023-07-31,ETF_D,5.346609128344874,5.417231363143173,5.282449818804736,5.352995418125666
2023-08-01,ETF_A,2.724447092095169,2.757140457200311,2.6820128161253036,2.7145878705721698
2023-08-01,ETF_B,3.484267438765488,3.526078648030674,3.4255437780909634,3.4671495729665622
2023-08-01,ETF_C,3.910738771942174,3.95766763720548,3.856799399109162,3.903643116507249
2023-08-01,ETF_D,5.356567962587237,5.430621695111299,5.29228914703619,5.366226971453853
2023-08-02,ETF_A,2.7168826571118103,2.749485248997152,2.670118448063599,2.7025490365016185
2023-08-02,ETF_B,3.4664464694084938,3.5080438270413956,3.398973665956956,3.440256746919996
2023-08-02,ETF_C,3.9098818843977416,3.9568004670105146,3.82021850284641,3.8666179178607387
2023-08-02,ETF_D,5.358535037807984,5.42283745826168,5.274808778666977,5.338875282051596
2023-08-03,ETF_A,2.702747688623749,2.735180660887234,2.659660048864842,2.691963612211379
2023-08-03,ETF_B,3.4373297377842507,3.4785776946376616,3.3916939449184986,3.432888608217104
2023-08-03,ETF_C,3.8668702715377328,3.9132727147961854,3.8035637597335428,3.8497608904185654
2023-08-03,ETF_D,5.3411001885624945,5.405193390825245,5.272075579436128,5.336108886068955
2023-08-04,ETF_A,2.6860282728560594,2.722680208371351,2.6537959335817867,2.6903954628175404
2023-08-04,ETF_B,3.43440272975288,3.4756155625099145,3.3882743389011645,3.429427468523446
2023-08-04,ETF_C,3.851989805861566,3.898213683531905,3.7997699815041153,3.845921033911048
2023-08-04,ETF_D,5.342908825619576,5.407023731527011,5.257908535963452,5.321769773242361
2023-08-07,ETF_A,2.684254864748808,2.722152341696403,2.652043806371822,2.6898738554312285
2023-08-07,ETF_B,3.4312385522046416,3.4724134148310974,3.3782568910378394,3.419288351252874
2023-08-07,ETF_C,3.847565087334818,3.893735868382836,3.787108829612896,3.833106102847061
2023-08-07,ETF_D,5.324793157334921,5.393509754731333,5.260895639446901,5.329555093608037
2023-08-08,ETF_A,2.68983519547442,2.7221132178201133,2.6542742117205993,2.6865123600410925
2023-08-08,ETF_B,3.420568514537434,3.461615336711883,3.3705875546038695,3.4115258649836737
2023-08-08,ETF_C,3.8318171194160047,3.8840683575102144,3.7858353139830125,3.838012210978473
2023-08-08,ETF_D,5.330420134764374,5.412691262774944,5.266455093147202,5.348509152939668
2023-08-09,ETF_A,2.6858198793019032,2.718049717853526,2.640539217710779,2.6726105442416794
2023-08-09,ETF_B,3.412475655404243,3.4540082956454476,3.371525947539392,3.4130516755389797
2023-08-09,ETF_C,3.839826021038123,3.8859039332905807,3.772051063390861,3.817865448776175
2023-08-09,ETF_D,5.347910879689374,5.416641146276801,5.283735949133102,5.352412199878262
2023-08-10,ETF_A,2.6722880950612162,2.704355552201951,2.6362801011715726,2.6682996975420776
2023-08-10,ETF_B,3.4193399664363073,3.460372046033543,3.3674983744321483,3.4083991644050085
2023-08-10,ETF_C,3.827830782258755,3.87376475164586,3.75696705606168,3.802598234880243
2023-08-10,ETF_D,5.347201525792559,5.41136794410207,5.239882432981466,5.303524729738326
2023-08-11,ETF_A,2.668212589120286,2.700231140189729,2.6361110496010354,2.6681285927135985
2023-08-11,ETF_B,3.4041565570970818,3.4523685809463034,3.3633066784119166,3.411431404097138
2023-08-11,ETF_C,3.801398844648019,3.8470156307837953,3.7343218450724995,3.779677980842611
2023-08-11,ETF_D,5.30307926107981,5.366716212212768,5.2276480748004746,5.29114177611384
2023-08-14,ETF_A,2.6688308115384523,2.7008567812769138,2.6123117677551626,2.6440402507643346
2023-08-14,ETF_B,3.411212770154376,3.4523938726453642,3.370278216912524,3.4114563958946285
2023-08-14,ETF_C,3.781528116100443,3.826906453493648,3.721955011370819,3.7671609426830153
2023-08-14,ETF_D,5.298923655700498,5.362510739568903,5.230376891869468,5.2939037367099875
2023-08-15,ETF_A,2.646965094971502,2.67872867611116,2.5898120043119817,2.621267210842087
2023-08-15,ETF_B,3.4159675181527107,3.4569591283705434,3.344151848085389,3.384769077009503
2023-08-15,ETF_C,3.772692965587776,3.8179652811748293,3.699684193358643,3.744619628905509
2023-08-15,ETF_D,5.2931686413860835,5.356686665082717,5.2073805672816755,5.270628104536109
2023-08-16,ETF_A,2.617871492248663,2.659133185663249,2.5864570343416786,2.627601962117835
2023-08-16,ETF_B,3.389766300079689,3.4418752139207194,3.3490891044787325,3.401062464348537
2023-08-16,ETF_C,3.749604394396629,3.7945996471293886,3.694387376377904,3.7392584781152873
2023-08-16,ETF_D,5.265159479963444,5.350746475557745,5.201977566203882,5.287298888891052
2023-08-17,ETF_A,2.624011696496047,2.6554998368539997,2.5789977798081716,2.6103216394819553
2023-08-17,ETF_B,3.3954257157356413,3.436170824324469,3.3379956872418357,3.378538144981615
2023-08-17,ETF_C,3.7393095909646266,3.784181306056202,3.6759859472234693,3.720633549821325
2023-08-17,ETF_D,5.284263326885237,5.34767448680786,5.190540629114462,5.253583632706945
2023-08-18,ETF_A,2.606994180681255,2.643932545140217,2.57571025051308,2.6125815663440877
2023-08-18,ETF_B,3.377307180382526,3.421530796631795,3.3367794942179354,3.3809592852092836
2023-08-18,ETF_C,3.7103022515538444,3.7548258785724906,3.658087346523473,3.702517557209993
2023-08-18,ETF_D,5.254814824757856,5.31787260265495,5.152793993225386,5.215378535653225
2023-08-21,ETF_A,2.6134623361947145,2.644823884229051,2.561222009744552,2.592329969377077
2023-08-21,ETF_B,3.386320575653024,3.42695642256086,3.3239657797595052,3.3643378337646817
2023-08-21,ETF_C,3.7047501815451906,3.749207183723733,3.647746726469748,3.692051342580717
2023-08-21,ETF_D,5.21310634439713,5.275663620529896,5.133256407037711,5.195603650847886
2023-08-22,ETF_A,2.596097905195699,2.6272510800580475,2.563739410192925,2.5948779455393978
2023-08-22,ETF_B,3.366332666315897,3.4067286583116876,3.308933589206674,3.3491230659986577
2023-08-22,ETF_C,3.682503560962102,3.7303315191944826,3.638313518230557,3.6860983391249826
2023-08-22,ETF_D,5.198546167871091,5.260928721885544,5.090637342716967,5.152466946069804
2023-08-23,ETF_A,2.5935724553195576,2.624695324783392,2.5525652329617157,2.5835680495563924
2023-08-23,ETF_B,3.349886106151362,3.3900847394251783,3.2753957839997674,3.3151779190281045
2023-08-23,ETF_C,3.6924251513007054,3.736734253116314,3.629042086770262,3.6731195210225325
2023-08-23,ETF_D,5.155610829226565,5.217478159177284,5.071448285927534,5.133044823813294
2023-08-24,ETF_A,2.5760385125242675,2.6069509746745587,2.5408006628794637,2.5716605899589715
2023-08-24,ETF_B,3.3143360851938453,3.3541081182161716,3.258363296965949,3.2979385596821347
2023-08-24,ETF_C,3.6738458402392555,3.7179319903221266,3.6092139723189485,3.653050579270191
2023-08-24,ETF_D,5.138371307774116,5.200031763467405,5.075664014631743,5.137311755700145
2023-08-25,ETF_A,2.566553228498333,2.602687113072977,2.535754589756353,2.5718252105464203
2023-08-25,ETF_B,3.2964621797269764,3.3360197258837,3.2258661955585097,3.2650467566381676
2023-08-25,ETF_C,3.6573135677699056,3.7012013305831446,3.6050942953260274,3.648880865714603
2023-08-25,ETF_D,5.1458509917488,5.207601203649785,5.023665555994187,5.084681736836222
2023-08-28,ETF_A,2.569326929100677,2.6001588522498853,2.5221624886377567,2.552796041131333
2023-08-28,ETF_B,3.2661448314147052,3.3053385693916817,3.2194315001543217,3.258533907038787
2023-08-28,ETF_C,3.6450425738163283,3.6887830847021243,3.5850310896316744,3.6285739773599945
2023-08-28,ETF_D,5.090592732085413,5.151679844870438,4.979147075358592,5.039622545909506
2023-08-29,ETF_A,2.5511355186486853,2.5817491448724694,2.5017473627053497,2.5321329582037952
2023-08-29,ETF_B,3.2575746170199302,3.3015289265802292,3.218483721615691,3.262380362233428
2023-08-29,ETF_C,3.6220076395699543,3.6654717312447938,3.568621571367643,3.6119651532061163
2023-08-29,ETF_D,5.034132624018261,5.09454221550648,4.945501055331661,5.005567869768888
2023-08-30,ETF_A,2.5309268022118747,2.561297923838417,2.483150399250725,2.5133101206991144
2023-08-30,ETF_B,3.2622183073251674,3.3013649270130694,3.197372275793442,3.2362067568759536
2023-08-30,ETF_C,3.6130641287331153,3.6564208982779127,3.553308082919003,3.596465670970651
2023-08-30,ETF_D,5.000294162998884,5.060297692954871,4.923145745236393,4.982941037688657
2023-08-31,ETF_A,2.51342325062649,2.543584329634008,2.4702895110257606,2.5002930273540085
2023-08-31,ETF_B,3.236503525756821,3.275341568065903,3.1808611853957762,3.219495126918802
2023-08-31,ETF_C,3.5963246778464835,3.6406576446454397,3.5531687817123254,3.5974877911516203
2023-08-31,ETF_D,4.982500564891726,5.042290571670427,4.89092451233857,4.950328453783977
2023-09-01,ETF_A,2.4993838259973384,2.5293764319093066,2.4401845524760146,2.469822421534428
2023-09-01,ETF_B,3.2169492447422314,3.2555526356791384,3.152781138492776,3.1910740268145505
2023-09-01,ETF_C,3.595425351768039,3.6385704559892553,3.517329063898388,3.5600496598161824
2023-09-01,ETF_D,4.947723428872547,5.007238792056906,4.888350747726077,4.947864419028564
2023-09-04,ETF_A,2.472847902679176,2.502522077511326,2.4335177354095308,2.4630746309813065
2023-09-04,ETF_B,3.1930557168128013,3.231372385414555,3.131396549121817,3.169429705588884
2023-09-04,ETF_C,3.560401308606619,3.6031261243098984,3.5124816355668984,3.555143355836942
2023-09-04,ETF_D,4.941297779704827,5.005473081116118,4.8820022063483695,4.946119645371658
2023-09-05,ETF_A,2.4611328022410155,2.490666395867908,2.421200261193631,2.450607551815416
2023-09-05,ETF_B,3.1802239543060096,3.218386641757682,3.1307270088586345,3.1687520332577273
2023-09-05,ETF_C,3.5666403090250944,3.6094399927333956,3.4808478849957494,3.523125389671811
2023-09-05,ETF_D,4.943571531421555,5.003955341922659,4.884248673044496,4.944619903085631
2023-09-06,ETF_A,2.4481433881564376,2.4781117981266307,2.4187656674985605,2.448727073247659
2023-09-06,ETF_B,3.1621895364343473,3.2001358108715596,3.1158724063437,3.153717010469332
2023-09-06,ETF_C,3.5265572212071645,3.5688759078616505,3.46907135935201,3.5112058293036537
2023-09-06,ETF_D,4.941883326859177,5.001185926781487,4.869411628416347,4.92855427977363
2023-09-07,ETF_A,2.4500955302276046,2.479496676590336,2.3871950930388492,2.4161893654239366
2023-09-07,ETF_B,3.154909386933663,3.1952404456733836,3.117050474290459,3.1573522190448453
2023-09-07,ETF_C,3.5155076355909225,3.557693727218014,3.472586051798324,3.51476321032219
2023-09-07,ETF_D,4.9246926823125445,4.983788994500295,4.856090369367897,4.915071224056576
2023-09-08,ETF_A,2.411864438434146,2.4408068116953556,2.37024378822077,2.39903217431252
2023-09-08,ETF_B,3.1545532412451047,3.192407880140046,3.1004683881878106,3.1381258989755167
2023-09-08,ETF_C,3.518225525923051,3.560444232234128,3.4645686124864596,3.5066483932049186
2023-09-08,ETF_D,4.91326074180132,4.972219870702936,4.823868723412994,4.88245822207793
2023-09-11,ETF_A,2.4001231190497756,2.4289245964783728,2.3492457857097815,2.377779135333787
2023-09-11,ETF_B,3.1402405668005198,3.177923453602126,3.1015390948713475,3.1392096101936717
2023-09-11,ETF_C,3.512706232209122,3.5548587069956312,3.4569618604335135,3.4989492514509246
2023-09-11,ETF_D,4.889175531915217,4.947845638298199,4.826672751785926,4.885296307475634
2023-09-12,ETF_A,2.378063642644055,2.4066004063557838,2.332803146351653,2.361136787805317
2023-09-12,ETF_B,3.1393801274369397,3.177052688966183,3.088973681174087,3.1264915801357156
2023-09-12,ETF_C,3.4981734444779247,3.54015152581166,3.4361140734138584,3.4778482524431764
2023-09-12,ETF_D,4.8864319991415215,4.94506918313122,4.790077140186969,4.848256214764138
2023-09-13,ETF_A,2.360730668867641,2.389059436894053,2.323863570649022,2.3520886342601437
2023-09-13,ETF_B,3.12927173678918,3.1668229976306503,3.081865659970172,3.1192972266904575
2023-09-13,ETF_C,3.469521064794116,3.5111553175716455,3.4199546144460164,3.4614925247429316
2023-09-13,ETF_D,4.862257684621558,4.920604776837017,4.782707828336562,4.840797397101784
2023-09-14,ETF_A,2.356451068659249,2.38472848148316,2.3161671449735,2.344298729730263
2023-09-14,ETF_B,3.1235780415644347,3.161060978063208,3.0672507783414327,3.104504836377968
2023-09-14,ETF_C,3.460731020780022,3.5022597930293826,3.40680050710784,3.4481786509188668
2023-09-14,ETF_D,4.841760454400861,4.906375767099263,4.78365932894805,4.84819739831943
2023-09-15,ETF_A,2.342597600426327,2.370708771631443,2.3065023522296415,2.334516550839718
2023-09-15,ETF_B,3.10520184895086,3.1424642711382704,3.054751683661224,3.0918539308311983
2023-09-15,ETF_C,3.451445709037174,3.49286305754562,3.3847425688314723,3.425852802461004
2023-09-15,ETF_D,4.846556997080265,4.904715681045229,4.77723228086567,4.835255345005739
2023-09-18,ETF_A,2.340134733837012,2.3682163506430562,2.3011974868826433,2.329147253929801
2023-09-18,ETF_B,3.0959401256499888,3.1330914071577887,3.0459586673705354,3.082954116771797
2023-09-18,ETF_C,3.4219788687890014,3.4630426152144693,3.373314358317302,3.414285787770549
2023-09-18,ETF_D,4.835278659195384,4.893302003105729,4.7645117442804965,4.8223803079762115
2023-09-19,ETF_A,2.3285347609294504,2.356477178060604,2.2956256733487432,2.323507766547311
2023-09-19,ETF_B,3.074533713665438,3.1114281182294232,3.024973838105964,3.061714411038425
2023-09-19,ETF_C,3.413583335656828,3.45454633568471,3.362408270647104,3.403247237497069
2023-09-19,ETF_D,4.823823576084679,4.881709458997695,4.75389247237659,4.811632057061326
2023-09-20,ETF_A,2.3200486600671866,2.347889243987993,2.2770792390680947,2.30473607193127
2023-09-20,ETF_B,3.067400780855917,3.104209590226188,3.015207852123387,3.051829809841485
2023-09-20,ETF_C,3.400501704846005,3.441307725304157,3.3348150976207798,3.3753189247173885
2023-09-20,ETF_D,4.814076006398507,4.871844918475289,4.681759339886323,4.7386228136501245
2023-09-21,ETF_A,2.304924083476679,2.332583172478399,2.272468442999619,2.3000692742911126
2023-09-21,ETF_B,3.053165498882213,3.089803484868799,3.0052393827715846,3.0417402659631425
2023-09-21,ETF_C,3.3812389092490283,3.4218137761600165,3.306676333905056,3.346838394640745
2023-09-21,ETF_D,4.750117609938872,4.8071190212581385,4.661508294777191,4.718125804430355
2023-09-22,ETF_A,2.2971830750511866,2.331640328121282,2.2696168781505723,2.3039924190921757
2023-09-22,ETF_B,3.045567611329589,3.082114422665544,3.006018509344142,3.04252885561148
2023-09-22,ETF_C,3.3497660378041494,3.3899632302577993,3.2845783172129273,3.324471980984744
2023-09-22,ETF_D,4.713475048429887,4.770036749011045,4.651702765302915,4.708201179456391
2023-09-25,ETF_A,2.3019725918947462,2.3341860942334556,2.274348920792009,2.3065079982544026
2023-09-25,ETF_B,3.038201843738718,3.090776278474149,3.0017434216138534,3.054126757385523
2023-09-25,ETF_C,3.3269999749600716,3.3669239746595925,3.2832753815517277,3.3231532201940563
2023-09-25,ETF_D,4.712922200087858,4.769477266488913,4.643656395320011,4.700057080283412
2023-09-26,ETF_A,2.3075766329631104,2.3352675525586677,2.278116333758288,2.305785762913247
2023-09-26,ETF_B,3.05116803551499,3.0950444236994605,3.01455401908881,3.058344292193143
2023-09-26,ETF_C,3.3255640500634263,3.3654708186641873,3.276589706726565,3.316386342840653
2023-09-26,ETF_D,4.701196397961084,4.757610754736617,4.637666264765667,4.69399419510695
2023-09-27,ETF_A,2.307280809538389,2.33496817925285,2.27542531241205,2.3030620570972165
2023-09-27,ETF_B,3.0588650543317772,3.0955714349837584,3.006349649692073,3.0428640179069566
2023-09-27,ETF_C,3.316242224241004,3.356037130931896,3.2658882900123736,3.3055549494052365
2023-09-27,ETF_D,4.6853982311908124,4.741623009965102,4.618279510792261,4.674371974486094
2023-09-28,ETF_A,2.3013909577037523,2.3480309063340226,2.273774266211307,2.320188642622552
2023-09-28,ETF_B,3.0428035338642885,3.07931717627066,3.006171313297899,3.0426835154837035
2023-09-28,ETF_C,3.3063169092164104,3.350667178990448,3.2666411063058134,3.3109359476190194
2023-09-28,ETF_D,4.678576819512113,4.734719741346258,4.59240914003563,4.6481873887000305
2023-09-29,ETF_A,2.322862976610375,2.3507373323296994,2.2859282353201675,2.313692545870615
2023-09-29,ETF_B,3.0436885175714448,3.0802127797823022,2.9868800063464076,3.0231579011603316
2023-09-29,ETF_C,3.3063610293151644,3.3460373616669465,3.2568380621098365,3.296394799706312
2023-09-29,ETF_D,4.655066651454053,4.710927451271502,4.568998871568335,4.624492784988194
2023-10-02,ETF_A,2.3168191264196314,2.344620955936667,2.279040508370544,2.3067211623183645
2023-10-02,ETF_B,3.0269854260788183,3.063309251191764,2.9757920182239728,3.0119352411173814
2023-10-02,ETF_C,3.2879969098376165,3.327452872755668,3.247243872058655,3.2866840810310274
2023-10-02,ETF_D,4.619870422867749,4.675308867942163,4.550644402166555,4.605915386808254
2023-10-03,ETF_A,2.3105897416075885,2.3383168185068794,2.273509101337563,2.301122572204011
2023-10-03,ETF_B,3.005738773062025,3.0418076383387693,2.964364872667795,3.000369304319631
2023-10-03,ETF_C,3.287259612221403,3.3267067275680597,3.243109409919682,3.282499402752715
2023-10-03,ETF_D,4.605867380312252,4.661137788875999,4.54196689765281,4.5971324875028445
2023-10-04,ETF_A,2.3025442972203383,2.3301748287869826,2.263653695812052,2.291147465396814
2023-10-04,ETF_B,3.0037800277780287,3.04516181268989,2.9677346674446925,3.0090531745947526
2023-10-04,ETF_C,3.2837403847363107,3.3231452693531462,3.230946421808033,3.270188686040519
2023-10-04,ETF_D,4.587888165481556,4.642942823467335,4.528909304225692,4.583916299823575
2023-10-05,ETF_A,2.2947948177665825,2.3223323555797815,2.2539149561315512,2.2812904414286956
2023-10-05,ETF_B,3.0090822488939057,3.045191235880633,2.9705078468256096,3.006586889499605
2023-10-05,ETF_C,3.274805552560827,3.314103219191557,3.2158764856745448,3.254935714245491
2023-10-05,ETF_D,4.577189266694745,4.642522897072608,4.522262995494408,4.587473218451193
2023-10-06,ETF_A,2.2762901740017965,2.303605656089818,2.2472800470914924,2.274574946448879
2023-10-06,ETF_B,3.0058721719461103,3.0419426380094636,2.9621414979913463,2.998118925092456
2023-10-06,ETF_C,3.2609082169551424,3.3101779440705084,3.221777318351681,3.2709268222040597
2023-10-06,ETF_D,4.593085757870608,4.648202786965055,4.502014846256929,4.55669518851916
2023-10-09,ETF_A,2.273731483558975,2.3037686817887506,2.246446705756267,2.2764512665896746
2023-10-09,ETF_B,2.99297766350158,3.0430668130844443,2.957061931539561,3.006983016881862
2023-10-09,ETF_C,3.276923554377361,3.3162466370298893,3.2198537573997648,3.2589612929147416
2023-10-09,ETF_D,4.554216325529953,4.608866921436312,4.494871711518698,4.549465295059411
2023-10-10,ETF_A,2.2741497863503777,2.3126145352371763,2.246859988914173,2.2851922284952333
2023-10-10,ETF_B,3.0087483034486957,3.04485328309008,2.9492800953507396,2.9851013110837448
2023-10-10,ETF_C,3.255168894233538,3.2942309209643406,3.210337852135092,3.249329809853332
2023-10-10,ETF_D,4.543583895882975,4.621250986120397,4.489060889132379,4.5664535435972295
2023-10-11,ETF_A,2.285510113616293,2.3162368976541092,2.2580839922528977,2.2887716379981318
2023-10-11,ETF_B,2.9767057236184,3.0124261923018207,2.925496362116542,2.96102870659569
2023-10-11,ETF_C,3.2479946880646757,3.286970624321452,3.2086839240655882,3.247655793588652
2023-10-11,ETF_D,4.567676164016764,4.622488277984965,4.474350877365706,4.528695220005775
2023-10-12,ETF_A,2.2872462436447596,2.3154760209420164,2.2597992887210223,2.288019783539542
2023-10-12,ETF_B,2.963269452833135,3.0044954201703002,2.9277102193991373,2.9688689922631424
2023-10-12,ETF_C,3.2494762574945977,3.288469972584533,3.207692811462968,3.2466526431811418
2023-10-12,ETF_D,4.525935906504727,4.580247137382783,4.470778619903546,4.52507957480116
2023-10-13,ETF_A,2.2875762920253604,2.321422591199467,2.260125376521056,2.2938958411061923
2023-10-13,ETF_B,2.9637053101377955,2.999269773859449,2.92469811898116,2.9602207681995547
2023-10-13,ETF_C,3.256257072255233,3.2953321571222958,3.1784578855471897,3.217062637193512
2023-10-13,ETF_D,4.522594667621905,4.576865803633368,4.441525334276063,4.495470986109376
2023-10-16,ETF_A,2.2989384742166816,2.3323474455320543,2.2713512125260813,2.3046911517115163
2023-10-16,ETF_B,2.9604053957172263,2.9969322170916306,2.9248805309686197,2.9613954714344177
2023-10-16,ETF_C,3.2226226033934076,3.2631003438792967,3.1839511321526865,3.2244074544261823
2023-10-16,ETF_D,4.49935021402444,4.553342416592733,4.427055145568214,4.480825046121674
2023-10-17,ETF_A,2.304234853222764,2.3344006708381526,2.276584034984091,2.3067200304724826
2023-10-17,ETF_B,2.960983776323065,2.996515581638942,2.908859891394232,2.9441901734759433
2023-10-17,ETF_C,3.228621163281186,3.26736461724056,3.1769978115522504,3.2155848295063265
2023-10-17,ETF_D,4.474756048621994,4.528453121205458,4.400862810329196,4.454314585353437
2023-10-18,ETF_A,2.3078338861763323,2.335527892810448,2.2767177705035966,2.3043702130603205
2023-10-18,ETF_B,2.9482101485764565,2.983588670359374,2.9045964569625333,2.939874956439811
2023-10-18,ETF_C,3.2141303659667253,3.252699930358326,3.156244079399389,3.194579027732175
2023-10-18,ETF_D,4.44961215756521,4.503007503455993,4.3848029524360275,4.438059668457518
2023-10-19,ETF_A,2.30374585737887,2.341052020595481,2.2761009070903233,2.3132925104698425
2023-10-19,ETF_B,2.9392622591278355,2.993912952494726,2.9039911120183013,2.958412008393998
2023-10-19,ETF_C,3.191289030173811,3.239716787837194,3.152993561811725,3.201301173752168
2023-10-19,ETF_D,4.4388575257321286,4.50908832151616,4.385591235423343,4.455620871063399
2023-10-20,ETF_A,2.3134968576405597,2.349300243030308,2.285734895348873,2.321442927895561
2023-10-20,ETF_B,2.956017172397308,3.0030896197406656,2.9205449663285403,2.96747986140382
2023-10-20,ETF_C,3.204248983803815,3.2429081313684467,3.1657979959981692,3.2044546752652634
2023-10-20,ETF_D,4.460662931334781,4.514190886510798,4.3753529422824755,4.428494880852708
2023-10-23,ETF_A,2.321459223229709,2.3493167339084655,2.2925370266789926,2.320381605950397
2023-10-23,ETF_B,2.9657264907601677,3.0106618674206733,2.9301377728710456,2.9749623195856456
2023-10-23,ETF_C,3.200342460431343,3.238746569956519,3.153587954931951,3.1918906426436755
2023-10-23,ETF_D,4.434896554396362,4.488115313049119,4.357403069814253,4.4103269937391225
2023-10-24,ETF_A,2.321595586808095,2.3527488091011466,2.2937364397663975,2.3248506018786035
2023-10-24,ETF_B,2.9793835095594594,3.015136111674173,2.9332254736026426,2.9688516939298
2023-10-24,ETF_C,3.19100285957877,3.243889318132771,3.1527108252638247,3.205424227403924
2023-10-24,ETF_D,4.406906324700973,4.459789200597385,4.326580410618196,4.379129970261332
2023-10-25,ETF_A,2.3280134449539065,2.3643959558506404,2.3000772836144594,2.336359640168617
2023-10-25,ETF_B,2.9707098256932376,3.0063583436015566,2.9331454738245317,2.9687707224944653
2023-10-25,ETF_C,3.2049950254530155,3.2508729778316616,3.1665350851475793,3.2123250769087566
2023-10-25,ETF_D,4.38392163471219,4.455231643891343,4.331314575095644,4.402402810169312
2023-10-26,ETF_A,2.3408543470964305,2.368944599261588,2.3094160971950015,2.337465685420042
2023-10-26,ETF_B,2.9674353680740593,3.003044592490948,2.9142166896185757,2.9496120340268983
2023-10-26,ETF_C,3.218300404146183,3.256920008995937,3.171865639335849,3.210390323214422
2023-10-26,ETF_D,4.398377189892152,4.451157716170858,4.337360997545031,4.390041495490922
2023-10-27,ETF_A,2.3383101853072414,2.376614067339283,2.3102504630835545,2.348432872864904
2023-10-27,ETF_B,2.948798483502686,2.9918983401970554,2.913412901700654,2.956421284779699
2023-10-27,ETF_C,3.209062095132138,3.2664848219624703,3.1705533499905525,3.227751800358172
2023-10-27,ETF_D,4.399404790509925,4.4521976479960435,4.333352998923064,4.385984816723749
2023-10-30,ETF_A,2.350048691653554,2.3783128713592094,2.3218481073537114,2.3501115329636457
2023-10-30,ETF_B,2.95102078169302,3.0104884011996234,2.9156085323127034,2.9747909102763077
2023-10-30,ETF_C,3.218579350173169,3.2736400356221007,3.179956397971091,3.234822169587056
2023-10-30,ETF_D,4.38018716568718,4.436505101855634,4.327624919698934,4.383898321991733
2023-10-31,ETF_A,2.3469582137639775,2.402468214975631,2.3187947151988095,2.373980449580663
2023-10-31,ETF_B,2.9761394502876413,3.011853123691093,2.9314400024212,2.967044536863563
2023-10-31,ETF_C,3.2367264834121463,3.2775073590595323,3.1978857656112005,3.2386436354343204
2023-10-31,ETF_D,4.390698158837723,4.443386536743776,4.31937000101779,4.371831984835819
2023-11-01,ETF_A,2.3737370747767383,2.4288497320808227,2.3452522298794176,2.4000491423723544
2023-11-01,ETF_B,2.9609590925581974,3.0079865952631475,2.925427583447499,2.972318770022873
2023-11-01,ETF_C,3.2360035156682865,3.2779402160852507,3.197171473480267,3.239071359768034
2023-11-01,ETF_D,4.368484878655227,4.42809510076101,4.3160630601113645,4.3755880442302475
2023-11-02,ETF_A,2.402683451443534,2.438657952986838,2.3738512500262114,2.409741060263674
2023-11-02,ETF_B,2.9749269221931725,3.0106260452594906,2.9321565915234755,2.967769829477202
2023-11-02,ETF_C,3.2392324628596714,3.287436922955546,3.2003616733053555,3.2484554574659543
2023-11-02,ETF_D,4.385877449951092,4.466648954590768,4.333246920551679,4.413684737737913
2023-11-03,ETF_A,2.412176844037743,2.452529163039747,2.38323072190929,2.4234477895649675
2023-11-03,ETF_B,2.9682152020542265,3.003833784478877,2.928357724323863,2.963924822190145
2023-11-03,ETF_C,3.2481268750001155,3.2942712435522754,3.209149352500114,3.2552087386880193
2023-11-03,ETF_D,4.416730675429384,4.48661961088931,4.363729907324231,4.433418587835287
2023-11-06,ETF_A,2.424046159419836,2.453134713332874,2.3863627517176322,2.4153469146939597
2023-11-06,ETF_B,2.9721901954292003,3.00862921871543,2.93652391308405,2.9729537734342197
2023-11-06,ETF_C,3.25416944705201,3.298313225403398,3.215119413687386,3.259202791900591
2023-11-06,ETF_D,4.428166536888213,4.481304535330872,4.368595226184089,4.421655087230859
2023-11-07,ETF_A,2.417845980380693,2.4484971692472994,2.3888318286161248,2.4194636059755923
2023-11-07,ETF_B,2.969140460298478,3.0047701458220595,2.9264802090864444,2.9620245031239314
2023-11-07,ETF_C,3.26220937141945,3.3013558838764836,3.2174098267987272,3.25648767894608
2023-11-07,ETF_D,4.418961889599392,4.489626384551575,4.365934346924199,4.436389708054916
2023-11-08,ETF_A,2.4208492935231796,2.460107565824793,2.3917991020009013,2.4309363298663964
2023-11-08,ETF_B,2.961669755468113,3.015227413033543,2.9261297184024957,2.9794737282940145
2023-11-08,ETF_C,3.2506691683864233,3.3038188862338678,3.2116611383657863,3.2646431682152843
2023-11-08,ETF_D,4.440434779371721,4.493719996724181,4.375455011593162,4.428598189871622
2023-11-09,ETF_A,2.4343428939516816,2.463555008679102,2.40312128108243,2.4323089889498277
2023-11-09,ETF_B,2.9857312329159718,3.030435900442034,2.94990245812098,2.9945018779071484
2023-11-09,ETF_C,3.2626745838666062,3.305404074164286,3.223522488860207,3.2662095594508753
2023-11-09,ETF_D,4.434040226519361,4.487248709237593,4.3475069213302335,4.400310649119669
2023-11-10,ETF_A,2.433130240254955,2.4819666885339737,2.403932677371895,2.452536253492069
2023-11-10,ETF_B,2.9986669934983543,3.0398358998363766,2.962682989576374,3.0037904148580794
2023-11-10,ETF_C,3.268817179509881,3.3080429856639997,3.2194517606398616,3.2585544136030986
2023-11-10,ETF_D,4.399947631761407,4.475238015438301,4.34714826018027,4.422171952014132
2023-11-13,ETF_A,2.4515187077879745,2.5143791589951983,2.422100483294519,2.4845643863588913
2023-11-13,ETF_B,3.001351584523836,3.037367803538122,2.954783075188357,2.9906711287331547
2023-11-13,ETF_C,3.2562207162400676,3.2952953648349483,3.211468564959779,3.250474256032165
2023-11-13,ETF_D,4.422402359046754,4.501177982522431,4.369333530738193,4.447804330555762
2023-11-14,ETF_A,2.48553806619504,2.526056623814753,2.4557116094006997,2.496103383216159
2023-11-14,ETF_B,2.9914526792452407,3.0378373359018367,2.955555247094298,3.0018155493101153
2023-11-14,ETF_C,3.244379029089426,3.3144816917785778,3.2054464807403527,3.2751795373306103
2023-11-14,ETF_D,4.451741245435365,4.538656029343205,4.39832035049014,4.484837973659293
2023-11-15,ETF_A,2.4875837117155624,2.538858507921601,2.4577327071749755,2.5087534663256927
2023-11-15,ETF_B,3.001822551300653,3.0711242022679683,2.965800680685045,3.0347077097509567
2023-11-15,ETF_C,3.2777351124277994,3.317067933776933,3.222610024687493,3.2617510371330902
2023-11-15,ETF_D,4.485527637036302,4.54946683158716,4.431701305391867,4.495520584572292
2023-11-16,ETF_A,2.509874376900535,2.5529128268849806,2.4797558843777288,2.522641133285554
2023-11-16,ETF_B,3.0357061365428133,3.072134610181327,2.979514088751584,3.015702518979336
2023-11-16,ETF_C,3.266027635874122,3.3095144791247604,3.2268353042436324,3.2702712244315815
2023-11-16,ETF_D,4.4887415602593626,4.550935738219878,4.43487666153625,4.4969720733398
2023-11-17,ETF_A,2.511926377402068,2.5811070199420305,2.481783260873243,2.5505010078478563
2023-11-17,ETF_B,3.013245339496386,3.0611423570601946,2.9770863954224294,3.0248442263440656
2023-11-17,ETF_C,3.270099557982461,3.313016861011208,3.230858363286672,3.2737320760980313
2023-11-17,ETF_D,4.492708853694033,4.570847273448734,4.4387963474497045,4.516647503407841
2023-11-20,ETF_A,2.5453778491430628,2.5800928688921028,2.514833314953346,2.5494988823044493
2023-11-20,ETF_B,3.0245290324119414,3.0608233808008847,2.9850044706267798,3.0212595856546356
2023-11-20,ETF_C,3.26625147222013,3.333137318171383,3.2270564545534883,3.2936139507622357
2023-11-20,ETF_D,4.517886619570552,4.579325659108244,4.463671980135706,4.525025354850044
2023-11-21,ETF_A,2.5508429839537237,2.594943839418362,2.520232868146279,2.5641737543659704
2023-11-21,ETF_B,3.0156320137249284,3.0787109859817967,2.979444429560229,3.042204531602566
2023-11-21,ETF_C,3.296327791985505,3.336291776443564,3.2567718584816787,3.2967310043908733
2023-11-21,ETF_D,4.531446676904882,4.5858240370277406,4.472073468553416,4.526390150357708
2023-11-22,ETF_A,2.5656026985997924,2.6269236569152237,2.5348154662165947,2.595774364540735
2023-11-22,ETF_B,3.0426841547803027,3.087673263887351,3.006171944922939,3.051060537438094
2023-11-22,ETF_C,3.2903529442389767,3.357081726364668,3.250868708908109,3.3172744331666677
2023-11-22,ETF_D,4.534931861141966,4.58935104347567,4.459771521676743,4.513938787122209
2023-11-23,ETF_A,2.592256447222001,2.629718532824524,2.561149369855337,2.5985360996289764
2023-11-23,ETF_B,3.0526628383952725,3.111943460766586,3.0160308843345294,3.0750429454215276
2023-11-23,ETF_C,3.3184697490732202,3.3695912368169543,3.2786481120843414,3.3296356095029194
2023-11-23,ETF_D,4.51804586053293,4.588801326874176,4.463829310206535,4.534388662919146
2023-11-24,ETF_A,2.5963781694690216,2.6295212040403206,2.565221631435393,2.5983411107117793
2023-11-24,ETF_B,3.07422717511023,3.1311056953737557,3.037336449008907,3.09397795985549
2023-11-24,ETF_C,3.326189973893779,3.380776365536613,3.2862756942070535,3.3406881082377597
2023-11-24,ETF_D,4.535908720277108,4.615092341803542,4.481477815633783,4.560367926683342
2023-11-27,ETF_A,2.602499089216278,2.637121900495676,2.5712691001456824,2.6058516803316953
2023-11-27,ETF_B,3.0881536948584336,3.164883433884251,3.051095850520132,3.127355171822382
2023-11-27,ETF_C,3.336170727070457,3.4001234859705036,3.2961366783456114,3.359805816176387
2023-11-27,ETF_D,4.564353678738767,4.619125922883632,4.496493461296477,4.5511067422029114
2023-11-28,ETF_A,2.604380566554131,2.6387314375153705,2.5731279997554815,2.607442131932184
2023-11-28,ETF_B,3.130963991030935,3.170720296515487,3.093392423138564,3.1331228226437617
2023-11-28,ETF_C,3.3580740754711123,3.3995479732474356,3.317777186565459,3.359237127714857
2023-11-28,ETF_D,4.547567922091585,4.618311073945711,4.492997107026486,4.563548492041217
2023-11-29,ETF_A,2.614274065807025,2.6585909213581704,2.582902777017341,2.627066127824279
2023-11-29,ETF_B,3.1344555580179527,3.190693736919695,3.0968420913217374,3.1528594238336907
2023-11-29,ETF_C,3.358518841236221,3.424884266089409,3.3182166151413863,3.384272990206926
2023-11-29,ETF_D,4.5627327418884365,4.637557676960585,4.507979948985775,4.5825668744669805
2023-11-30,ETF_A,2.627060243652744,2.6699024203391315,2.595535520728911,2.6382434983588254
2023-11-30,ETF_B,3.1501900270399323,3.1879923073644116,3.110986328662596,3.148771587715178
2023-11-30,ETF_C,3.381730406453953,3.4230952556545726,3.3411496415765054,3.382505193334558
2023-11-30,ETF_D,4.578162918808943,4.6592258482368205,4.523224963783236,4.603978110905949
2023-12-01,ETF_A,2.6394997125964785,2.671173709147636,2.6004374114585818,2.632021671516783
2023-12-01,ETF_B,3.147740951922298,3.214434309428312,3.1099680604992304,3.1763184875773836
2023-12-01,ETF_C,3.3848291651974955,3.439275360681284,3.3442112152151258,3.398493439408383
2023-12-01,ETF_D,4.597275613492837,4.68651156500335,4.542108306130923,4.630940281623864
2023-12-04,ETF_A,2.6369912804624818,2.6770559073419666,2.6053473850969318,2.6453121614051054
2023-12-04,ETF_B,3.1707623148549344,3.2191207517662166,3.132713167076675,3.180949359452783
2023-12-04,ETF_C,3.396725275038363,3.4619729110336,3.355964571737903,3.420921848847431
2023-12-04,ETF_D,4.632742718781308,4.688335631406684,4.57557904226997,4.631152876791468
2023-12-05,ETF_A,2.6457165678753727,2.6822450444617223,2.613967969060868,2.6504397672546665
2023-12-05,ETF_B,3.1771462274682363,3.229032379892084,3.1390204727386175,3.1907434583913874
2023-12-05,ETF_C,3.424836102268661,3.485141762074413,3.383738069041437,3.4438159704292617
2023-12-05,ETF_D,4.632155315831645,4.687741179621625,4.565782436195382,4.621237283598564
2023-12-06,ETF_A,2.647342151047852,2.698916251394375,2.615574045235278,2.666913291891675
2023-12-06,ETF_B,3.1887420652995533,3.2385059196386043,3.1504771605159587,3.20010466367451
2023-12-06,ETF_C,3.4449458491505656,3.5171234501753794,3.403606498960759,3.4754184290270547
2023-12-06,ETF_D,4.624946210680007,4.680445565208167,4.564626893884753,4.620067706361087
2023-12-07,ETF_A,2.666571907877363,2.6985707707718913,2.633989363324335,2.6659811369679507
2023-12-07,ETF_B,3.204694206023126,3.2431505364954036,3.154883137763696,3.1932015564409877
2023-12-07,ETF_C,3.4725912258960885,3.5176803785758555,3.4309201311853355,3.475968753533454
2023-12-07,ETF_D,4.6230122301906995,4.69971140263293,4.567536083428411,4.643983599439655
2023-12-08,ETF_A,2.6658703787926226,2.707936934595379,2.633879934247111,2.675827010469742
2023-12-08,ETF_B,3.190820037868175,3.2586780348722177,3.1525301974137565,3.2200375838658277
2023-12-08,ETF_C,3.472458883469842,3.5260066004388406,3.430789376868204,3.4841962454929254
2023-12-08,ETF_D,4.645298427554201,4.721151684695688,4.5895548464235505,4.665169648908782
2023-12-11,ETF_A,2.671569952405526,2.717297166498909,2.6395111129766593,2.6850762514811355
2023-12-11,ETF_B,3.222443579677812,3.280861646415966,3.1837742567216782,3.2419581486323774
2023-12-11,ETF_C,3.4775057768678264,3.524762397753729,3.4357757075454125,3.482966796199337
2023-12-11,ETF_D,4.668200129148768,4.724218530698553,4.609164492285063,4.665146247252088
2023-12-12,ETF_A,2.6842749543466504,2.7287033473688687,2.6520636548944907,2.6963471811945343
2023-12-12,ETF_B,3.2399227228253737,3.295891249670734,3.2010436501514694,3.256809535247761
2023-12-12,ETF_C,3.484148379583787,3.544890848669192,3.4423385990287816,3.5028565698312173
2023-12-12,ETF_D,4.664913943002273,4.7208929103183,4.592358178155879,4.64813580785008
2023-12-13,ETF_A,2.694013449564713,2.7460372595246954,2.661685288169936,2.713475552890015
2023-12-13,ETF_B,3.2577517758336674,3.3005450621823638,3.218658754523663,3.261408164211822
2023-12-13,ETF_C,3.5014077886490274,3.5757350928760285,3.459390895185239,3.533335072011886
2023-12-13,ETF_D,4.6503753850417295,4.762789269803602,4.594570880421228,4.706313507711069
2023-12-14,ETF_A,2.716403390527392,2.7490002312137207,2.6805487636579572,2.71310603609105
2023-12-14,ETF_B,3.2608702020652878,3.3261091816818507,3.221739759640504,3.2866691518595363
2023-12-14,ETF_C,3.5235698692111175,3.6065051773935726,3.481287030780584,3.5637402938671667
2023-12-14,ETF_D,4.70232815566899,4.8132139473590625,4.645900217800962,4.756140264188797
2023-12-15,ETF_A,2.713215594935291,2.7524416817763107,2.680657007796068,2.719804033375801
2023-12-15,ETF_B,3.2900185469212246,3.3452486887358175,3.25053832435817,3.3055817082369736
2023-12-15,ETF_C,3.5615136496422672,3.604294748124833,3.51877548584656,3.561556075222167
2023-12-15,ETF_D,4.758192142113968,4.839724320439931,4.7010938364086,4.782336285019695
2023-12-18,ETF_A,2.7189068408662274,2.751533722956622,2.680810882466269,2.7133713385286127
2023-12-18,ETF_B,3.303519845210236,3.343162083352759,3.257449397957445,3.297013560685673
2023-12-18,ETF_C,3.557814111930216,3.6294484686751773,3.515120342587053,3.58641153031144
2023-12-18,ETF_D,4.7860671040236555,4.874650242581102,4.728634298775372,4.816848065791603
2023-12-19,ETF_A,2.7130352298390084,2.7531583530788772,2.68047880708094,2.720512206599681
2023-12-19,ETF_B,3.290970351073816,3.3396819184019684,3.2514787068609303,3.300080947037518
2023-12-19,ETF_C,3.5930104601602753,3.6361265856821987,3.546266391746842,3.589338453185063
2023-12-19,ETF_D,4.8130861562567615,4.907460482552888,4.7553291223816805,4.849269251534474
2023-12-20,ETF_A,2.721220472650111,2.753875118321912,2.6829878742016993,2.71557477145921
2023-12-20,ETF_B,3.2947645996136137,3.37080522681638,3.2552274244182504,3.330835204364012
2023-12-20,ETF_C,3.5822150409172098,3.6718302425770477,3.5392284604262034,3.6282907535346323
2023-12-20,ETF_D,4.849562499505388,4.9346566295312515,4.791367749511323,4.8761429145565724
2023-12-21,ETF_A,2.717529647347968,2.7513632919812014,2.684919291579792,2.718738430811464
2023-12-21,ETF_B,3.3287689831718597,3.383425434619718,3.288823755373797,3.3433057654345038
2023-12-21,ETF_C,3.622194634105835,3.72151708343505,3.5787282984965647,3.67738842236665
2023-12-21,ETF_D,4.872596633951561,4.947354823856788,4.814125474344142,4.888690537407893
2023-12-22,ETF_A,2.7155693305487407,2.7481561625153255,2.6790355019611902,2.711574394697561
2023-12-22,ETF_B,3.338437325895352,3.400235607362684,3.298376077984608,3.3599166080658933
2023-12-22,ETF_C,3.6821535948327244,3.7422842249969706,3.6379677516947315,3.6979093132381133
2023-12-22,ETF_D,4.885688543145501,4.95998425968082,4.827060280627755,4.90117021707591
2023-12-25,ETF_A,2.7082813298650374,2.740780705823418,2.6699796778574467,2.7024085808273752
2023-12-25,ETF_B,3.361524984095741,3.43809608780256,3.3211866842865923,3.39732815000253
2023-12-25,ETF_C,3.7037673332851746,3.7704316420355197,3.6593221252857524,3.7257229664382607
2023-12-25,ETF_D,4.8947420542554045,5.032430257519381,4.83600514960434,4.972757171461838
2023-12-26,ETF_A,2.7058936698123413,2.7427309180810338,2.6734229457745933,2.7102084170761205
2023-12-26,ETF_B,3.3954825563114137,3.4574334861564804,3.3547367656356766,3.416436251142767
2023-12-26,ETF_C,3.722486173214379,3.78270723359763,3.677816339135806,3.7378529976261166
2023-12-26,ETF_D,4.980106052869729,5.066828039122076,4.920344780235292,5.006747074231301
2023-12-27,ETF_A,2.7089049586165745,2.7425908446566645,2.6763980991131757,2.710070004601447
2023-12-27,ETF_B,3.425914181003884,3.4751289413235127,3.3848032108318375,3.4339218787781745
2023-12-27,ETF_C,3.735097595844918,3.779918766995057,3.684116424547858,3.7288627778824477
2023-12-27,ETF_D,5.012975831019312,5.078297815490085,4.95282012104708,5.018080845345934
2023-12-28,ETF_A,2.705594006860979,2.738061134943311,2.6693671478019962,2.701788611135624
2023-12-28,ETF_B,3.426967225333289,3.5184182135546704,3.3858436186292895,3.4766978394808996
2023-12-28,ETF_C,3.731544575232424,3.7812606051708073,3.6867660403296347,3.7364235228960547
2023-12-28,ETF_D,5.021228199565864,5.107778991110897,4.960973461171074,5.047212441809187
2023-12-29,ETF_A,2.7031879095140674,2.7407133179915415,2.6707496545998985,2.7082147410983612
2023-12-29,ETF_B,3.4775239038064534,3.519990016696358,3.435793616960776,3.47825100464067
2023-12-29,ETF_C,3.726293078783722,3.776456904555654,3.681577561838317,3.7316767831577606
2023-12-29,ETF_D,5.058838919604509,5.119544986639763,4.98220400121561,5.0427166004206585
2024-01-01,ETF_A,2.7096791926650594,2.7421953429770403,2.667219480388027,2.699614858692335
2024-01-01,ETF_B,3.473676827290721,3.5184122991065916,3.4319927053632324,3.4766919951646162
2024-01-01,ETF_C,3.7235826386492543,3.771751696810317,3.6788996469854633,3.7270273683896415
2024-01-01,ETF_D,5.041603358834701,5.1506348006925835,4.981104118528685,5.0895600797357545
2024-01-02,ETF_A,2.694798095681437,2.7271356728296143,2.662279466258005,2.6946148443906934
2024-01-02,ETF_B,3.474691265825745,3.5310549197633643,3.432994970635836,3.4891847033234824
2024-01-02,ETF_C,3.7258068836889735,3.808530624462553,3.6810972010847056,3.76337018227525
2024-01-02,ETF_D,5.107594014239434,5.168885142410308,5.036515792915445,5.09768804950956
2024-01-03,ETF_A,2.695336366615648,2.7276804030150354,2.660376022919634,2.692688282307322
2024-01-03,ETF_B,3.489760429256831,3.5451997768797128,3.447883304105749,3.503161834861376
2024-01-03,ETF_C,3.7701812856233476,3.828052629460394,3.7249391101958675,3.78266070104782
2024-01-03,ETF_D,5.096335042784111,5.191033514590108,5.035179022270702,5.129479757500107
2024-01-04,ETF_A,2.695000086106903,2.7273400871401856,2.6469691798029356,2.6791186030394085
2024-01-04,ETF_B,3.4936708705645163,3.543220073874074,3.451746820117742,3.5012056065949344
2024-01-04,ETF_C,3.7807382674645758,3.8450017837916373,3.735369408255001,3.799408877264464
2024-01-04,ETF_D,5.131007162183306,5.22853289195643,5.069435076237107,5.166534478217816
2024-01-05,ETF_A,2.6802890552970635,2.7124525239606285,2.646236865540796,2.6783773942720606
2024-01-05,ETF_B,3.5021731133309837,3.5441991906909553,3.454586234311128,3.496544771569968
2024-01-05,ETF_C,3.7998563204422973,3.856972169028897,3.7542580445969898,3.8112373211747994
2024-01-05,ETF_D,5.164137378951952,5.259933720853783,5.1021677304045285,5.197562965270537
2024-01-08,ETF_A,2.680352921545271,2.712517156603814,2.637229475062196,2.669260602289672
2024-01-08,ETF_B,3.5043159292523147,3.576838441686235,3.462264138101287,3.5344253376346195
2024-01-08,ETF_C,3.816281986853756,3.872802810365135,3.770486603011511,3.8268802473963786
2024-01-08,ETF_D,5.199821172160439,5.289239785980989,5.1374233180945135,5.226521527649199
2024-01-09,ETF_A,2.6648910957038323,2.696869788852278,2.625994370197084,2.657889038661016
2024-01-09,ETF_B,3.532556080994591,3.58601853820625,3.490165408022656,3.5434965792551876
2024-01-09,ETF_C,3.836298412561839,3.89962967483896,3.790262831611097,3.8533890067578653
2024-01-09,ETF_D,5.231619264741159,5.311304258243698,5.168839833564265,5.248324365853457
2024-01-10,ETF_A,2.6589157495789446,2.6949770349995377,2.627008760583997,2.6630207855726655
2024-01-10,ETF_B,3.5445708083451346,3.5871056580452763,3.4969379107277057,3.539410840817516
2024-01-10,ETF_C,3.8507965873658985,3.913294144759494,3.8045870283175076,3.8668914473908047
2024-01-10,ETF_D,5.247626896990595,5.333045298103621,5.184655374226708,5.26980760682176
2024-01-11,ETF_A,2.6620807550297956,2.694025724090153,2.6125089576894576,2.6442398357180745
2024-01-11,ETF_B,3.5436455942594116,3.596272882065167,3.5011218471282985,3.55362933010392
2024-01-11,ETF_C,3.8668154913899615,3.9327220748001994,3.820413705493282,3.8860890067195646
2024-01-11,ETF_D,5.280742403006771,5.344111311842853,5.216060980720364,5.279413948097535
2024-01-12,ETF_A,2.642750873292019,2.6744638837715233,2.580909320931916,2.6122563977043685
2024-01-12,ETF_B,3.552949660148435,3.596663801678893,3.5103142642266536,3.5540156143072066
2024-01-12,ETF_C,3.8943585732691113,3.941310297035819,3.847626270389882,3.8945753923278845
2024-01-12,ETF_D,5.280887149685589,5.354062949781158,5.217516503889362,5.290576037333159
2024-01-15,ETF_A,2.61491087902276,2.646289809571033,2.583063780447132,2.6144370247440607
2024-01-15,ETF_B,3.5516075652931955,3.594226856076714,3.5060688150458987,3.54865264680759
2024-01-15,ETF_C,3.8876651569386684,3.9438121737464016,3.841013175055404,3.897047602516207
2024-01-15,ETF_D,5.29224582820339,5.396532757284993,5.228738878264949,5.332542250281613
2024-01-16,ETF_A,2.618952968869332,2.6595080292757536,2.5875255332429,2.6279723609444203
2024-01-16,ETF_B,3.539243378911488,3.5996449438662297,3.49677245836455,3.5569614069824405
2024-01-16,ETF_C,3.901722358514559,3.9485430268167336,3.8425096446556486,3.8891798022830453
2024-01-16,ETF_D,5.326890101142515,5.415374678340749,5.262967419928805,5.351160749348566
2024-01-17,ETF_A,2.633479604178945,2.6650813594290925,2.5812630724386905,2.6126144457881484
2024-01-17,ETF_B,3.5596223776182705,3.6023378461496898,3.4971109150527258,3.5395859464096415
2024-01-17,ETF_C,3.8845620649415338,3.9311768097208324,3.8245121580461414,3.8709637227187668
2024-01-17,ETF_D,5.353774085734253,5.418136931631322,5.289528796705442,5.353890248647551
2024-01-18,ETF_A,2.616625121452978,2.648024622910414,2.5587332508736282,2.5898109826656155
2024-01-18,ETF_B,3.5391186463943236,3.5936823835618803,3.4966492226375916,3.55106954897419
2024-01-18,ETF_C,3.8714265283342515,3.9321590003838685,3.8249694099942406,3.8855326090749687
2024-01-18,ETF_D,5.353053152559925,5.439677037944584,5.288816514729206,5.375174938680419
2024-01-19,ETF_A,2.589479447967917,2.6205532013435318,2.5488830896951558,2.5798411839019795
2024-01-19,ETF_B,3.5468765638081687,3.621930687679482,3.5043140450424706,3.578982892963915
2024-01-19,ETF_C,3.8844329431252897,3.948148363541922,3.8378197478077865,3.901332375041425
2024-01-19,ETF_D,5.371361997588586,5.488211968562823,5.306905653617523,5.423134356287374
2024-01-22,ETF_A,2.5809030247011764,2.6118738609975907,2.535305272997282,2.56609845445069
2024-01-22,ETF_B,3.5795115340392045,3.625905307025413,3.536557395630734,3.5829103824361788
2024-01-22,ETF_C,3.896974368971252,3.943738061398907,3.8458235512182393,3.892533958722914
2024-01-22,ETF_D,5.418223834931904,5.5203932204321395,5.353205148912721,5.454934012284723
2024-01-23,ETF_A,2.5683951818047714,2.5992159239864288,2.5188501974806266,2.5494435197172334
2024-01-23,ETF_B,3.5804713928126257,3.6234370495263772,3.527647457863555,3.570493378404408
2024-01-23,ETF_C,3.8880719674794935,3.9414091151821564,3.8414151038697395,3.8946730387175457
2024-01-23,ETF_D,5.471963881790652,5.542158415718797,5.4063003152091635,5.476441122251775
2024-01-24,ETF_A,2.549803970923066,2.580401618574143,2.4930995573247516,2.5233801187497487
2024-01-24,ETF_B,3.5682928577789763,3.611112372072324,3.5115038728853905,3.5541537174953346
2024-01-24,ETF_C,3.8959292087543025,3.942680359259354,3.8488648319584966,3.8956121780956443
2024-01-24,ETF_D,5.47475797703387,5.545035796618887,5.409060881309464,5.479284384010757
2024-01-25,ETF_A,2.523765110493186,2.5540502918191046,2.488907217215715,2.519136859530076
2024-01-25,ETF_B,3.5566686007896164,3.599348623999092,3.5054779082848997,3.5480545630413967
2024-01-25,ETF_C,3.900139414346713,3.9469410873188737,3.829939936372087,3.876457425477821
2024-01-25,ETF_D,5.469978518341502,5.578700255385599,5.404338776121405,5.512549659471936
2024-01-26,ETF_A,2.5215590279410627,2.5518177362763557,2.481277671742019,2.511414647512165
2024-01-26,ETF_B,3.542518789946727,3.5850290154260875,3.4966788658119112,3.5391486496071978
2024-01-26,ETF_C,3.8758707335332283,3.922381182335627,3.8226602446927553,3.8690893164906432
2024-01-26,ETF_D,5.508061010713062,5.581694303013569,5.441964278584505,5.515508204558862
2024-01-29,ETF_A,2.511240956328909,2.5413758478048556,2.4567380136222585,2.486576936864634
2024-01-29,ETF_B,3.54347566448283,3.585997372456624,3.4865201662328547,3.528866565013011
2024-01-29,ETF_C,3.8694058158540496,3.926428895581111,3.822972946063801,3.8798704501789634
2024-01-29,ETF_D,5.515176387891742,5.592837347228338,5.448994271237042,5.526519117814563
2024-01-30,ETF_A,2.484462170561483,2.514275716608221,2.444538587484078,2.4742293395587835
2024-01-30,ETF_B,3.5231169647358036,3.566689221644564,3.480839561158974,3.524396464075656
2024-01-30,ETF_C,3.8824567400745913,3.9290462209554864,3.832686766376729,3.8792376177902117
2024-01-30,ETF_D,5.530044935481186,5.612317806657436,5.463684396255411,5.545768583653593
2024-01-31,ETF_A,2.4730332104540746,2.5112817231393274,2.4433568119286257,2.48150367899143
2024-01-31,ETF_B,3.5216726242648835,3.563932695756062,3.455927290367236,3.497902115756312
2024-01-31,ETF_C,3.874842779046879,3.921340892395442,3.8229052006926247,3.8693372476646
2024-01-31,ETF_D,5.549359314241643,5.647194478005098,5.4827670024707436,5.580231697633496
2024-02-01,ETF_A,2.483339583880842,2.513139658887412,2.441383652804143,2.4710360858341525
2024-02-01,ETF_B,3.5057582486526395,3.5478273476364715,3.4585732447829804,3.500580207270223
2024-02-01,ETF_C,3.872677828612582,3.9207175037452355,3.826205694669231,3.8742267823569523
2024-02-01,ETF_D,5.584638380316673,5.651654040880473,5.507612668659073,5.574506749654932
2024-02-02,ETF_A,2.4710447151348855,2.5006972517165043,2.422213667291833,2.4516332664897096
2024-02-02,ETF_B,3.5051873647743332,3.5472496131516253,3.439068795631021,3.4808388619747177
2024-02-02,ETF_C,3.877931927415084,3.92936199430489,3.831396744286103,3.8827687690759785
2024-02-02,ETF_D,5.570314419054849,5.637158192083508,5.493189934066744,5.559908840148527
2024-02-05,ETF_A,2.4526065414087,2.4820378199056043,2.4067339245115797,2.435965510639251
2024-02-05,ETF_B,3.481235252274889,3.5230100753021873,3.4307234011406216,3.472392106417633
2024-02-05,ETF_C,3.894580858675146,3.941315828979248,3.8434880088684014,3.8901700494619447
2024-02-05,ETF_D,5.562117566220903,5.634265609515921,5.495372155426252,5.567456135885298
2024-02-06,ETF_A,2.437870593444118,2.4671250405654477,2.399908576830969,2.4290572639989567
2024-02-06,ETF_B,3.468583991448408,3.510206999345789,3.406820266550321,3.448198650354576
2024-02-06,ETF_C,3.8884634631037995,3.935125024661045,3.8416752787438018,3.888335302372269
2024-02-06,ETF_D,5.561768716437013,5.678013530308197,5.495027491839768,5.610685306628653
2024-02-07,ETF_A,2.4279952329622723,2.4571311757578194,2.3730640066614237,2.401886646418445
2024-02-07,ETF_B,3.4460700988665947,3.493688713725798,3.4047172576801956,3.4522615748278636
2024-02-07,ETF_C,3.886257819307473,3.932892913139163,3.833104438590002,3.8796603629453466
2024-02-07,ETF_D,5.606630713628449,5.67391028219199,5.513326721404789,5.580290203851002
2024-02-08,ETF_A,2.4040067409760595,2.4328548218677724,2.3613292449031382,2.390009357189411
2024-02-08,ETF_B,3.4525567139215054,3.49477538777919,3.4111260333544475,3.4533353634181716
2024-02-08,ETF_C,3.8831424721397654,3.9297401818054425,3.820040631909741,3.866437886548321
2024-02-08,ETF_D,5.574318804958011,5.656658141269827,5.507426979298515,5.58958314354726
2024-02-09,ETF_A,2.3910659342618117,2.4197587254729536,2.3458333552104538,2.3743252583101757
2024-02-09,ETF_B,3.4534865437499858,3.4949283822749857,3.409792246930875,3.4512067276628287
2024-02-09,ETF_C,3.870134503840872,3.9165761178869625,3.821769816852159,3.868188073737003
2024-02-09,ETF_D,5.581838815336002,5.6488208811200336,5.500074343701549,5.566876866094685
2024-02-12,ETF_A,2.3709072317134963,2.405646812210313,2.342456344932934,2.3771213559390447
2024-02-12,ETF_B,3.450840863632621,3.4922509539962125,3.3772224449777166,3.4182413410705634
2024-02-12,ETF_C,3.8657740399485556,3.9121633284279382,3.8184175631774773,3.864795104430645
2024-02-12,ETF_D,5.573792868965423,5.640678383393008,5.490048784153436,5.556729538616838
2024-02-13,ETF_A,2.381124678942469,2.409698175089779,2.336196350937391,2.3645712054022177
2024-02-13,ETF_B,3.4181183848120162,3.4591358054297605,3.3737083194289936,3.414684533835014
2024-02-13,ETF_C,3.8629777005478734,3.914825579474521,3.8166219681412987,3.8684047228009097
2024-02-13,ETF_D,5.561195499451864,5.627929845445287,5.486936743521881,5.553579699920933
2024-02-14,ETF_A,2.3631902211257865,2.399830901812401,2.334831938472277,2.3713744089055346
2024-02-14,ETF_B,3.4138306133572467,3.4547965807175336,3.370117674641345,3.4110502779770697
2024-02-14,ETF_C,3.8708476924719863,3.9172978647816503,3.8242159529357442,3.8706639199754496
2024-02-14,ETF_D,5.559911293615112,5.6266302291384935,5.490483399879644,5.557169433076563
2024-02-15,ETF_A,2.366799834420469,2.395201432433515,2.316078453785538,2.344208961321395
2024-02-15,ETF_B,3.405316663222266,3.446180463180933,3.3264014133396116,3.3668030499388784
2024-02-15,ETF_C,3.8669285396768114,3.913331682152933,3.8164029962722177,3.862756069101435
2024-02-15,ETF_D,5.557424319852043,5.624113411690267,5.464357995489007,5.5307267160819915
2024-02-16,ETF_A,2.3413526019699598,2.3694488331935992,2.309969853185872,2.338026167192178
2024-02-16,ETF_B,3.3647748394968273,3.405152137570789,3.3103849370898963,3.350592041588964
2024-02-16,ETF_C,3.860906420657792,3.9072372977056857,3.808903217413618,3.8551651998113545
2024-02-16,ETF_D,5.535741351001791,5.602170247213812,5.462970605238025,5.529322474937273
2024-02-19,ETF_A,2.3352427233466018,2.363265636026761,2.303276500684782,2.3312515189117224
2024-02-19,ETF_B,3.3541692372156118,3.394419268062199,3.3002798431293647,3.340364213693689
2024-02-19,ETF_C,3.8555681816105354,3.904415618898323,3.8093013634312087,3.858118200492414
2024-02-19,ETF_D,5.517972280396178,5.585444977433224,5.4517566130314234,5.5192144045782845
2024-02-20,ETF_A,2.3313934238802374,2.3593701449668,2.2878418077590177,2.3156293600799773
2024-02-20,ETF_B,3.3350359437504995,3.3750563750755056,3.2926346858271534,3.3326262002299125
2024-02-20,ETF_C,3.8626036632420977,3.908954907201003,3.8157750709185954,3.8621205171240844
2024-02-20,ETF_D,5.524774696108112,5.591071992461409,5.425221486448898,5.4911148648268195
2024-02-21,ETF_A,2.3148896526022735,2.342668328433501,2.2794940399104955,2.307180202338558
2024-02-21,ETF_B,3.331889277775902,3.371871949109213,3.277817327249477,3.3176288737342885
2024-02-21,ETF_C,3.8593972728374686,3.905710040111518,3.793719706848578,3.839797274138237
2024-02-21,ETF_D,5.492249664956848,5.5668567204559665,5.426342668977366,5.500846561715382
2024-02-22,ETF_A,2.306273726404301,2.333949011121153,2.2761350978941204,2.3037804634555874
2024-02-22,ETF_B,3.314457477984403,3.3542309677202162,3.2587802323740913,3.2983605590830885
2024-02-22,ETF_C,3.8315526913246414,3.8775313236205373,3.7517144037000874,3.797281785121546
2024-02-22,ETF_D,5.504872606955004,5.5709310782384645,5.43398809862276,5.49998795407162
2024-02-23,ETF_A,2.3054466658646566,2.3331120258550326,2.266779582427057,2.294311318246009
2024-02-23,ETF_B,3.2987890730916876,3.3405317445980622,3.259203604214587,3.3009206962431445
2024-02-23,ETF_C,3.7888004335069683,3.8541692373121927,3.7433348283048846,3.808467625802562
2024-02-23,ETF_D,5.50242697220871,5.579878812049512,5.436397848542205,5.513714241155644
2024-02-26,ETF_A,2.2952212418387496,2.3227638967408146,2.2509994989432682,2.2783395738292187
2024-02-26,ETF_B,3.299424380291893,3.34575257941216,3.2598312877283906,3.306079623925059
2024-02-26,ETF_C,3.8028758952752684,3.854038598944264,3.757241384531965,3.8083385365061897
2024-02-26,ETF_D,5.507368498882742,5.573456920869335,5.423963344440444,5.48984144174134
2024-02-27,ETF_A,2.279179803824957,2.3065299614708565,2.2402512578567024,2.267460787304355
2024-02-27,ETF_B,3.3117829823489964,3.351524378137184,3.2123360479229732,3.2513522752256816
2024-02-27,ETF_C,3.802508518427759,3.848138620648892,3.721511992156658,3.7667125426686825
2024-02-27,ETF_D,5.480255153574978,5.546018215417878,5.413240238650464,5.478988095800065
2024-02-28,ETF_A,2.268545194811912,2.2957677371496548,2.2296484577210167,2.2567292082196526
2024-02-28,ETF_B,3.2532744368544355,3.292313730096689,3.1966558557173634,3.235481635341461
2024-02-28,ETF_C,3.7660331672787795,3.811225565286125,3.703884123528008,3.748870570372478
2024-02-28,ETF_D,5.474438426817891,5.55614323092024,5.408745165696077,5.49026010960498
2024-02-29,ETF_A,2.258351982012363,2.2854522057965116,2.2208720647709947,2.247846219403841
2024-02-29,ETF_B,3.2305337216483228,3.2693001263081025,3.1782364251316793,3.216838486975384
2024-02-29,ETF_C,3.743674390703104,3.7896523290668935,3.6987502980146667,3.7447157401846773
2024-02-29,ETF_D,5.493879768895706,5.559806326122454,5.394566034039055,5.4600870789868985
2024-03-01,ETF_A,2.2423249306061184,2.269294148098747,2.215417031438845,2.2423855218367064
2024-03-01,ETF_B,3.219358577705478,3.2579908806379434,3.1434950294285056,3.1816751310005116
2024-03-01,ETF_C,3.7416467779620475,3.786546539297592,3.6828314148596597,3.7275621607891294
2024-03-01,ETF_D,5.464484801489706,5.5300586191075825,5.385369929239522,5.450779280606803
2024-03-04,ETF_A,2.241432311589166,2.268329499328236,2.195581031564845,2.222248007656726
2024-03-04,ETF_B,3.1788009576743415,3.2169465691664336,3.125678922583999,3.163642634194331
2024-03-04,ETF_C,3.7241973182830557,3.7688876861024525,3.65820455277349,3.7026361870177027
2024-03-04,ETF_D,5.4420871418260575,5.50739218752797,5.366612625246532,5.431794155107826
2024-03-05,ETF_A,2.2166027282550065,2.2432019609940665,2.179061636453059,2.205527972118481
2024-03-05,ETF_B,3.1615137054585056,3.1994518699240078,3.12338899615456,3.1613248948932795
2024-03-05,ETF_C,3.700733795499703,3.749845666066926,3.6563249899537067,3.705381092951508
2024-03-05,ETF_D,5.425580393859862,5.519432380133249,5.360473429133544,5.453984565349061
2024-03-06,ETF_A,2.205620760443695,2.2365694767661553,2.1791533113183705,2.2100488900851336
2024-03-06,ETF_B,3.1624825379939767,3.2004323284499043,3.101957649728448,3.139633248713004
2024-03-06,ETF_C,3.7111026187192393,3.7556358501438702,3.6391442979084996,3.683344431081477
2024-03-06,ETF_D,5.4493845706558925,5.553646755423554,5.383991955808022,5.487793236584539
2024-03-07,ETF_A,2.210036944506441,2.2365573878405183,2.1791024284654372,2.205569259580402
2024-03-07,ETF_B,3.1378325409930836,3.1754865314850007,3.093613049595944,3.131187297161887
2024-03-07,ETF_C,3.6861900742072984,3.730424355097786,3.6172143863885533,3.661148164360884
2024-03-07,ETF_D,5.485506094313386,5.551332167445147,5.382046637336148,5.447415624834158
2024-03-08,ETF_A,2.208261227213771,2.2347603619403364,2.1628370350538897,2.189106310783289
2024-03-08,ETF_B,3.1344506451133194,3.172064052854679,3.0762969459268397,3.1136608764441696
2024-03-08,ETF_C,3.661217059218086,3.7051516639287034,3.612828180540338,3.6567086847574273
2024-03-08,ETF_D,5.438766232378879,5.559343042090099,5.373501037590333,5.493421978349899
2024-03-11,ETF_A,2.1921415806937503,2.2239702511134056,2.165835881725425,2.1975990623650254
2024-03-11,ETF_B,3.1108486585655175,3.1481788424683037,3.0599445520926327,3.097109870539102
2024-03-11,ETF_C,3.654742401663152,3.6985993104831096,3.6080417402067986,3.651864109521051
2024-03-11,ETF_D,5.484315615610657,5.550127402997985,5.4040941057767,5.469730876292207
2024-03-12,ETF_A,2.198119011830283,2.227309745852282,2.17174158368832,2.2008989583520573
2024-03-12,ETF_B,3.094874241424696,3.1387092937456678,3.0577357505275997,3.101491396981885
2024-03-12,ETF_C,3.650018784654323,3.693819010070175,3.601173126486566,3.644912071342678
2024-03-12,ETF_D,5.464488968806147,5.54255882263726,5.398915101180473,5.476836781262115
2024-03-13,ETF_A,2.1996145484089147,2.2271382251964726,2.1732191738280076,2.2007294715380166
2024-03-13,ETF_B,3.0991172893105867,3.136306696782314,3.0521256838403596,3.0891960362756676
2024-03-13,ETF_C,3.6463060460754804,3.692552059741002,3.6025503735225746,3.648766857451583
2024-03-13,ETF_D,5.47738794020629,5.5575662655156055,5.4116592849238145,5.491666270272337
2024-03-14,ETF_A,2.201975483891476,2.2283991896981736,2.1668426779403682,2.193160605202802
2024-03-14,ETF_B,3.087158111632346,3.1242040089719345,3.04635497706084,3.083355239940121
2024-03-14,ETF_C,3.651254451253921,3.695069504668968,3.5940048813724097,3.637656762522682
2024-03-14,ETF_D,5.484107475258273,5.549916764961372,5.394048597756956,5.4595633580535985
2024-03-15,ETF_A,2.1918102448991177,2.2302971159834284,2.1655085219603283,2.2038509051219646
2024-03-15,ETF_B,3.087311840733745,3.12435958282255,3.0176927532435442,3.054344891946907
2024-03-15,ETF_C,3.63380693336427,3.6774126165646415,3.5882517285897775,3.631833733390463
2024-03-15,ETF_D,5.458825798511972,5.524331708094116,5.3924374592043876,5.457932651016587
2024-03-18,ETF_A,2.2038473243960386,2.2350187505516796,2.177401156503286,2.208516551928537
2024-03-18,ETF_B,3.056586368220409,3.098468775773863,3.019907331801764,3.061728039302236
2024-03-18,ETF_C,3.631988310725249,3.6755721704539517,3.568215658389903,3.611554310111238
2024-03-18,ETF_D,5.464677243179519,5.5302533700976735,5.371665820516197,5.4369087252188235
2024-03-19,ETF_A,2.2110588955631294,2.2574087512916305,2.184526188816372,2.2306410585885676
2024-03-19,ETF_B,3.067842083074545,3.1046561880714396,3.02075754721076,3.0574469101323483
2024-03-19,ETF_C,3.6030042583999413,3.6462403095007407,3.5537738853588614,3.5969371309300215
2024-03-19,ETF_D,5.428657725164423,5.495498868104746,5.36351383246245,5.430334849905876
2024-03-20,ETF_A,2.229189978496183,2.2630131080101936,2.2024396987542287,2.236178960484381
2024-03-20,ETF_B,3.0655463546842947,3.1023329109405062,3.006006665011573,3.0425168674206207
2024-03-20,ETF_C,3.5978256820279526,3.6409995902122883,3.536669846712865,3.5796253509239526
2024-03-20,ETF_D,5.429027092871787,5.4941754179862485,5.347194532358047,5.412140214937295
2024-03-21,ETF_A,2.2382818638760678,2.273633289975628,2.211422481509555,2.2466732114383676
2024-03-21,ETF_B,3.038860430019014,3.0789049765004157,3.0023941048587854,3.0423962218383553
2024-03-21,ETF_C,3.5828096766298008,3.6258033927493583,3.5281093664044243,3.57096089717047
2024-03-21,ETF_D,5.418614566020602,5.487817176046699,5.353591191228355,5.4227442451054335
2024-03-22,ETF_A,2.2484494626595106,2.275430856211425,2.220656544253818,2.247628081228561
2024-03-22,ETF_B,3.0426461821407864,3.079157936326476,2.9777542710686324,3.013921326992543
2024-03-22,ETF_C,3.569794287972752,3.612631819428425,3.517314989145941,3.5600354141153248
2024-03-22,ETF_D,5.420098701052731,5.4851398854653635,5.332806380166658,5.39757730786099
2024-03-25,ETF_A,2.2451257887856113,2.289431270949788,2.218184279320184,2.262283864574889
2024-03-25,ETF_B,3.0097883589177874,3.0568582950726224,2.973670898610774,3.0206109635104963
2024-03-25,ETF_C,3.5675881316321827,3.610399189211769,3.5122068657524825,3.5548652487373307
2024-03-25,ETF_D,5.393966018890043,5.458693611116724,5.315617106633215,5.380179257725926
2024-03-26,ETF_A,2.2648557545355943,2.3007501851062497,2.237677485481167,2.2734685623579542
2024-03-26,ETF_B,3.0178718869971797,3.0540863496411457,2.9723871856527126,3.008489054304365
2024-03-26,ETF_C,3.551212328942146,3.5938268768894517,3.496853984653062,3.539325895397836
2024-03-26,ETF_D,5.387487335360151,5.452137183384473,5.315384045781754,5.379943366175865
2024-03-27,ETF_A,2.2753221809951967,2.3216006307596566,2.248018314823254,2.2940717695253525
2024-03-27,ETF_B,3.006278337890619,3.0423536779453064,2.967166567909182,3.00320502824816
2024-03-27,ETF_C,3.5402238672000013,3.582706553606401,3.4769935152821283,3.5192242057511423
2024-03-27,ETF_D,5.378021801271431,5.442982408926601,5.313485539656174,5.378441115540119
2024-03-28,ETF_A,2.294344581929848,2.3275617976080376,2.2668124469466897,2.2999622506008275
2024-03-28,ETF_B,2.999503316493004,3.03549735629092,2.9581213032027427,2.9940499020270677
2024-03-28,ETF_C,3.5190771209566707,3.5613060464081507,3.466284887259183,3.5083855134202255
2024-03-28,ETF_D,5.385376121091408,5.450000634544505,5.3122428652918705,5.376764033696225
2024-03-29,ETF_A,2.297917625584962,2.337805821210082,2.2703426140779426,2.3100848035672747
2024-03-29,ETF_B,2.9903778521769513,3.026262386403075,2.9526272195163523,2.988489088579304
2024-03-29,ETF_C,3.507975007407422,3.550070707496311,3.459082795160078,3.501095946518298
2024-03-29,ETF_D,5.379455560441444,5.444009027166741,5.291212166359724,5.35547790117381
2024-04-01,ETF_A,2.3077703185613365,2.3452107676253915,2.2800770747386006,2.317401944293865
2024-04-01,ETF_B,2.9879860732445533,3.028963853210329,2.952130240365619,2.993047285780958
2024-04-01,ETF_C,3.5006290159654574,3.5426365641570428,3.4502777926237966,3.492184000631373
2024-04-01,ETF_D,5.353336216401154,5.417576250997969,5.256135694845483,5.319975399641177
2024-04-02,ETF_A,2.3159487564296706,2.357116602238705,2.2881573713525145,2.329166603002673
2024-04-02,ETF_B,2.988801654787704,3.0246672746451564,2.949621087579054,2.985446444918071
2024-04-02,ETF_C,3.492620396780153,3.5404866795917616,3.450708952018791,3.498504624102531
2024-04-02,ETF_D,5.322953498352728,5.386828940332961,5.215398989995768,5.2787439169997645
2024-04-03,ETF_A,2.330641494829855,2.3797447253416952,2.3026737968918964,2.35152640844041
2024-04-03,ETF_B,2.9883810320297672,3.0242416044141245,2.952233784057303,2.988090874551926
2024-04-03,ETF_C,3.5019673554838078,3.5439909637496134,3.436329135128562,3.4780659262434837
2024-04-03,ETF_D,5.280717785358688,5.344086398782992,5.183213273625925,5.246167280997899
2024-04-04,ETF_A,2.348906161909048,2.3834898836414116,2.3207192879661394,2.3552271577484305
2024-04-04,ETF_B,2.9848932006201263,3.0207119190275677,2.9448262434797217,2.9805933638458724
2024-04-04,ETF_C,3.4836609219906305,3.525464853054518,3.4233533845511017,3.4649325754565807
2024-04-04,ETF_D,5.2524193458525845,5.315448378002816,5.169677333548807,5.232466936790291
2024-04-05,ETF_A,2.356429645467231,2.38983208962709,2.3281524897216244,2.361494159710563
2024-04-05,ETF_B,2.9903792730919365,3.02626382436904,2.9458353316478494,2.9816147081455964
2024-04-05,ETF_C,3.4649234790321217,3.506502560780507,3.421170403855051,3.4627230808249503
2024-04-05,ETF_D,5.229120607409258,5.291870054698169,5.163570291776409,5.226285720421467
2024-04-08,ETF_A,2.358075505135416,2.4086557818965075,2.329778599073791,2.380094646142794
2024-04-08,ETF_B,2.9800449579046755,3.0166754603049464,2.9442844184098194,2.9809046050444135
2024-04-08,ETF_C,3.4660183972438996,3.5076106180108266,3.416070830957293,3.457561569794831
2024-04-08,ETF_D,5.226536973585577,5.2892554172686035,5.149574744741154,5.212120186984974
2024-04-09,ETF_A,2.379528060622335,2.420705384643075,2.350973723894867,2.3920013682243826
2024-04-09,ETF_B,2.9811550729070015,3.041609063047589,2.9453812120321174,3.005542552418566
2024-04-09,ETF_C,3.4547319254791318,3.5180496369375396,3.413275142373382,3.4763336333374895
2024-04-09,ETF_D,5.211746135439591,5.284101135637361,5.149205181814316,5.22144380991834
2024-04-10,ETF_A,2.3923073783055253,2.439455598371426,2.363599689765859,2.4105292474025948
2024-04-10,ETF_B,3.0010039125250896,3.0370159594753905,2.9504874879202174,2.986323368340301
2024-04-10,ETF_C,3.479441524578257,3.5211948228731957,3.4155338093977754,3.4570180257062506
2024-04-10,ETF_D,5.2257350205863515,5.288443840833388,5.158635620170682,5.221291113533079
2024-04-11,ETF_A,2.417415465407124,2.4464244509920094,2.3726800175691047,2.4014979934909966
2024-04-11,ETF_B,2.992273386587648,3.032324790022037,2.956366105948596,2.9963683695869934
2024-04-11,ETF_C,3.453946136509264,3.495393490147375,3.4040709581398154,3.445415949534226
2024-04-11,ETF_D,5.215049961097848,5.277630560631022,5.136338467053809,5.198723144791305
2024-04-12,ETF_A,2.397642201282052,2.436632309324132,2.3688704948666675,2.4077394360910396
2024-04-12,ETF_B,3.0002844355540783,3.048250114195558,2.9642810223274294,3.012104855924464
2024-04-12,ETF_C,3.4498028132745064,3.4912004470338007,3.3840509503435148,3.425152783748497
2024-04-12,ETF_D,5.204894951213615,5.267353690628179,5.101610896644427,5.163573782028773
2024-04-15,ETF_A,2.4118779207972176,2.4408204558467843,2.3820383154660596,2.4109699549251618
2024-04-15,ETF_B,3.0131484353550038,3.049306216579264,2.96472572012971,3.000734534544241
2024-04-15,ETF_C,3.4339979315696203,3.4752059067484558,3.3648574109830736,3.405726124476795
2024-04-15,ETF_D,5.1663837898775915,5.2283803953561225,5.102297358413331,5.1642685813900115
2024-04-16,ETF_A,2.411391468252203,2.4403281658712292,2.3741559256585383,2.402991827589614
2024-04-16,ETF_B,2.996023273771491,3.0608458102699863,2.960070994486233,3.0245511959189586
2024-04-16,ETF_C,3.405241077352789,3.446103970281022,3.3555132090636612,3.3962684302263777
2024-04-16,ETF_D,5.156340226316445,5.218216309032242,5.077338076388587,5.139006150190878
2024-04-17,ETF_A,2.40414482066507,2.4383289666739048,2.375295082817089,2.4094159749742143
2024-04-17,ETF_B,3.0252946554946853,3.0762297148105286,2.988991119628749,3.0397526826190995
2024-04-17,ETF_C,3.3875919880391585,3.439247804418118,3.3469408841826884,3.398466209899326
2024-04-17,ETF_D,5.146255406851139,5.208010471733353,5.061990928993018,5.123472600195362
2024-04-18,ETF_A,2.409748672187174,2.447834163754325,2.380831688120928,2.418808462207831
2024-04-18,ETF_B,3.035778264587977,3.0953121587331527,2.9993489254129213,3.058608852503115
2024-04-18,ETF_C,3.3962938625912265,3.439167869411649,3.355538336240132,3.398387222738784
2024-04-18,ETF_D,5.136844052382258,5.1984861810108445,5.043816174254039,5.105077099447408
2024-04-19,ETF_A,2.4200637816627273,2.4619648018512286,2.3910230162827744,2.4327715433312536
2024-04-19,ETF_B,3.0638315412818087,3.1029610459569317,3.027065562786427,3.0661670414594187
2024-04-19,ETF_C,3.403274854288472,3.4487409482616145,3.3624355560370103,3.407846786819777
2024-04-19,ETF_D,5.111047434114739,5.172380003324116,5.013027655568263,5.0739146311419665
2024-04-22,ETF_A,2.4323353882269583,2.478962273726028,2.4031473635682348,2.4495674641561545
2024-04-22,ETF_B,3.069063055503678,3.1058918121697223,3.0244295118228597,3.061163473504919
2024-04-22,ETF_C,3.41004643085394,3.450966988024187,3.349269826133596,3.3899492167344087
2024-04-22,ETF_D,5.08236879854104,5.143357224123533,4.955377723028821,5.015564496992734
2024-04-23,ETF_A,2.453726417117507,2.4919608714237773,2.424281700112097,2.462411928284365
2024-04-23,ETF_B,3.0615043393965085,3.1032982786620473,3.02476628732375,3.0665002753577544
2024-04-23,ETF_C,3.390933798223667,3.4316250038023512,3.3398973144759916,3.3804628689028253
2024-04-23,ETF_D,5.016064071820197,5.076256840682039,4.950288151077088,5.0104131083776196
2024-04-24,ETF_A,2.461100920748131,2.497378528194016,2.4315677096991535,2.467765344065233
2024-04-24,ETF_B,3.0577963137056328,3.1150850807420922,3.0211027579411653,3.0781473129862573
2024-04-24,ETF_C,3.3844432707166727,3.447571275615669,3.3438299514680727,3.4066909838099493
2024-04-24,ETF_D,5.0007102185309575,5.060718741153329,4.919751386591091,4.979505452015275
2024-04-25,ETF_A,2.471027268773223,2.5122676099360803,2.441374941547944,2.4824778754309094
2024-04-25,ETF_B,3.0746177223616966,3.139983833861782,3.0377223096933563,3.102750823974093
2024-04-25,ETF_C,3.408616975063803,3.4495203787645687,3.366626621069876,3.407516822945219
2024-04-25,ETF_D,4.968803692606923,5.078489413654127,4.90917804829564,5.018270171594987
2024-04-26,ETF_A,2.480612345096325,2.5405512239132886,2.450844996955169,2.5104261105862533
2024-04-26,ETF_B,3.1052414330452622,3.1568314670612945,3.0679785358487193,3.119398682866892
2024-04-26,ETF_C,3.4123612522264453,3.4533095872531625,3.359827476176303,3.4006350973444364
2024-04-26,ETF_D,5.019763809548153,5.080000975262731,4.932218503099762,4.9921239909916615
2024-04-29,ETF_A,2.5102496493452406,2.5403726451373836,2.4793393454532855,2.509452778798872
2024-04-29,ETF_B,3.123815853101698,3.1613016433389185,3.0737217350228954,3.1110543876749954
2024-04-29,ETF_C,3.4042847829269296,3.445136200322053,3.3392142397363322,3.3797714977088384
2024-04-29,ETF_D,4.988677411095377,5.048541540028522,4.882437615407,4.941738477132591
2024-04-30,ETF_A,2.506316361139115,2.5434074090436165,2.4762405648054457,2.513248427908712
2024-04-30,ETF_B,3.1150827957664062,3.1653292350523268,3.0777018022172093,3.1277956868105994
2024-04-30,ETF_C,3.385776993415995,3.426406317336987,3.32236227287812,3.362714851091215
2024-04-30,ETF_D,4.936468426303917,4.9957060474195645,4.87223932634955,4.931416322216143
2024-05-01,ETF_A,2.5145829676964007,2.5637321732011555,2.484407972084044,2.5333321869576637
2024-05-01,ETF_B,3.1219916718829634,3.1885827634657224,3.0845277718203676,3.1507734816854964
2024-05-01,ETF_C,3.36412276281654,3.4137575590948357,3.3237532896627418,3.3732782204494423
2024-05-01,ETF_D,4.931055333737552,5.0055916801831675,4.871882669732702,4.946236838125659
2024-05-02,ETF_A,2.5376069376354558,2.570134010867761,2.5071556543838303,2.5396581135056926
2024-05-02,ETF_B,3.151882153542474,3.2012584568952374,3.114059567699964,3.163298870449839
2024-05-02,ETF_C,3.376842742888362,3.4173648558030223,3.320086201773829,3.3604111353986124
2024-05-02,ETF_D,4.949790416431523,5.009187901428701,4.864352596204444,4.923433801826361
2024-05-03,ETF_A,2.5394289225566307,2.593528000274641,2.5089557754859513,2.5627747038286963
2024-05-03,ETF_B,3.167048865941486,3.227402620646851,3.1290442795501883,3.1891330243545957
2024-05-03,ETF_C,3.359207265651295,3.4067687104049926,3.318896778463479,3.366372243483194
2024-05-03,ETF_D,4.915096221223909,4.987212274622169,4.856115066569222,4.928075370180009
2024-05-06,ETF_A,2.562186102129303,2.607204677533423,2.5314398689037514,2.576289207048837
2024-05-06,ETF_B,3.1829688943877428,3.2384506797694512,3.14477326765509,3.200050078823568
2024-05-06,ETF_C,3.364010874259695,3.406701936207427,3.3236427437685783,3.366306261074533
2024-05-06,ETF_D,4.925495259293313,4.984601202404833,4.826668149743097,4.885291649537548
2024-05-07,ETF_A,2.572941212769899,2.6285771968294136,2.5420659182166605,2.5974082972622665
2024-05-07,ETF_B,3.20002056830709,3.244443964522461,3.1616203214874052,3.2059722969589535
2024-05-07,ETF_C,3.3730160255558714,3.4187927784871293,3.332539833249201,3.378253733682934
2024-05-07,ETF_D,4.893904751781704,4.952631608803084,4.807702989753226,4.866096143474925
2024-05-08,ETF_A,2.5967135624423596,2.6290966315512945,2.5655529996930513,2.597921572679145
2024-05-08,ETF_B,3.2069967135918143,3.2461051635594496,3.1685127530287125,3.2076137979836457
2024-05-08,ETF_C,3.3791059677925297,3.41965523940604,3.3261346143238106,3.366533010449201
2024-05-08,ETF_D,4.859995438205084,4.918315383463545,4.77468204102529,4.832674130592399
2024-05-09,ETF_A,2.5930984417197833,2.642907995231715,2.561981260419146,2.61156916524873
2024-05-09,ETF_B,3.206488469358591,3.244966330990894,3.167947306778589,3.206424399573471
2024-05-09,ETF_C,3.369695761665228,3.4101321108052107,3.3181342040223654,3.3584354291724345
2024-05-09,ETF_D,4.837580437225718,4.895631402472427,4.736786241767086,4.79431805846871
2024-05-10,ETF_A,2.6087892611755072,2.6551919647436018,2.577483790041401,2.623707475043085
2024-05-10,ETF_B,3.199503260264868,3.2664499740683004,3.1611092211416896,3.227717365680139
2024-05-10,ETF_C,3.358920299160127,3.4077657966862565,3.318613255570205,3.3673575066069725
2024-05-10,ETF_D,4.791607545946893,4.849523921712325,4.7341082553955305,4.792019685486487
2024-05-13,ETF_A,2.6244017571720564,2.655894578258121,2.5919410196181523,2.6234220846337575
2024-05-13,ETF_B,3.2264911269818453,3.2815575044151415,3.187773233458063,3.2426457553509302
2024-05-13,ETF_C,3.3650541189045486,3.418599152292159,3.324673469477694,3.3780624034507496
2024-05-13,ETF_D,4.795072020699887,4.852612884948286,4.6892992318655065,4.746254283264682
2024-05-14,ETF_A,2.627462242177159,2.6589917890832853,2.587901055018531,2.6193330516381894
2024-05-14,ETF_B,3.241407766908032,3.292987201644856,3.2025108737051355,3.2539399225739682
2024-05-14,ETF_C,3.3781056881073264,3.4269518374534313,3.3375684198500384,3.386316044914458
2024-05-14,ETF_D,4.752334402310098,4.809362415137819,4.660208097595835,4.7168098153804
2024-05-15,ETF_A,2.6279317700497966,2.667006866336934,2.596396588809199,2.635382278989065
2024-05-15,ETF_B,3.2533778492980776,3.2924183834896548,3.198258928730213,3.2371041788767334
2024-05-15,ETF_C,3.3919939843004006,3.4326979121120056,3.341296397498313,3.3818789448363495
2024-05-15,ETF_D,4.720890812441348,4.777541502190644,4.644949063237201,4.701365448620648
2024-05-16,ETF_A,2.6335793740397335,2.6693087792005756,2.6019764215512566,2.6376568964432567
2024-05-16,ETF_B,3.234976859861798,3.274367013654476,3.196157137543456,3.2355405273265574
2024-05-16,ETF_C,3.3840703683759417,3.431827620233172,3.34346152395543,3.3911340120881146
2024-05-16,ETF_D,4.706354767668465,4.762831024880486,4.61940995215422,4.675516145905081
2024-05-17,ETF_A,2.642077397428104,2.6737823261972413,2.603676457525288,2.635300058223976
2024-05-17,ETF_B,3.2338686783373736,3.3031042467436236,3.195062254197325,3.2639370027110903
2024-05-17,ETF_C,3.384369626972737,3.4277630058822304,3.343757191449064,3.3871175947452867
2024-05-17,ETF_D,4.669238687294317,4.730683390011913,4.613207823046785,4.674588330051297
